case_id,alg_01,alg_02,alg_03,alg_04,alg_05
case_1,0.8173,0.7933,0.8178,0.8193,0.8123
case_2,0.817,0.8592,0.8566,0.8378,0.8634
case_3,0.7927,0.8366,0.8388,0.8056,0.8143
case_4,0.8188,0.8186,0.8408,0.7952,0.8221
case_5,0.8078,0.8127,0.8629,0.8204,0.8266
case_6,0.7902,0.7782,0.8026,0.7584,0.7634
case_7,0.8278,0.8351,0.8773,0.8243,0.851
case_8,0.8682,0.8606,0.9183,0.8635,0.8417
case_9,0.8834,0.8324,0.8452,0.8306,0.8525
case_10,0.8121,0.8137,0.8049,0.7855,0.8294
case_11,0.7772,0.7851,0.8125,0.7703,0.817
case_12,0.7543,0.7526,0.7699,0.7508,0.7411
case_13,0.6803,0.7001,0.7089,0.6922,0.6968
case_14,0.7692,0.7642,0.776,0.73,0.771
case_15,0.8412,0.8183,0.8714,0.8428,0.8356
case_16,0.8498,0.8665,0.8395,0.8768,0.8443
case_17,0.8378,0.8659,0.8976,0.8649,0.8599
case_18,0.787,0.7913,0.7941,0.8187,0.7941
case_19,0.8177,0.804,0.8577,0.8184,0.8188
case_20,0.7847,0.8389,0.8296,0.8093,0.7973
case_21,0.7956,0.783,0.7843,0.7633,0.7378
case_22,0.7033,0.7495,0.7257,0.7235,0.7134
case_23,0.9272,0.8967,0.9215,0.875,0.9175
case_24,0.8384,0.7775,0.8064,0.7697,0.8048
case_25,0.7964,0.8184,0.8009,0.8557,0.8177
case_26,0.8978,0.8897,0.8991,0.8987,0.877
case_27,0.8065,0.8373,0.829,0.8277,0.845
case_28,0.7714,0.8335,0.7905,0.7912,0.7896
case_29,0.8137,0.7864,0.8192,0.7759,0.7941
case_30,0.7795,0.7606,0.7937,0.7792,0.7579
case_31,0.8003,0.7778,0.8305,0.8054,0.7811
case_32,0.7682,0.7308,0.7938,0.7673,0.7621
case_33,0.7708,0.761,0.7944,0.7656,0.7594
case_34,0.7472,0.7583,0.761,0.7534,0.7228
case_35,0.7957,0.8102,0.814,0.7815,0.7788
case_36,0.8375,0.8432,0.8514,0.826,0.8248
case_37,0.7754,0.7969,0.8227,0.8125,0.7832
case_38,0.7408,0.7798,0.7889,0.7644,0.7613
case_39,0.8643,0.8688,0.9037,0.8552,0.8774
case_40,0.6986,0.7254,0.7715,0.7196,0.7041
case_41,0.757,0.736,0.7724,0.7908,0.7478
case_42,0.8062,0.8481,0.8263,0.8063,0.7918
case_43,0.896,0.9159,0.9072,0.8843,0.8605
case_44,0.7878,0.8027,0.7838,0.7873,0.7832
case_45,0.7952,0.7628,0.7888,0.7224,0.7592
case_46,0.8199,0.8322,0.8256,0.8462,0.8087
case_47,0.8437,0.8336,0.9129,0.8529,0.8694
case_48,0.8279,0.8616,0.8766,0.8409,0.8487
case_49,0.7873,0.7791,0.8135,0.8042,0.8122
case_50,0.801,0.8003,0.8001,0.7912,0.8066
case_51,0.8116,0.8018,0.8401,0.8034,0.8117
case_52,0.8174,0.823,0.8283,0.8199,0.8078
case_53,0.829,0.8616,0.8689,0.8353,0.8376
case_54,0.8512,0.8159,0.8386,0.8267,0.7925
case_55,0.9671,0.946,0.9981,0.9069,0.9604
case_56,0.8525,0.8738,0.916,0.8594,0.9019
case_57,0.7436,0.7467,0.7943,0.7757,0.774
case_58,0.7616,0.7563,0.7744,0.7582,0.7677
case_59,0.7289,0.7181,0.7806,0.7364,0.6877
case_60,0.8643,0.848,0.8915,0.86,0.8687
case_61,0.7254,0.7621,0.7457,0.7318,0.6882
case_62,0.7623,0.7792,0.8291,0.8056,0.783
case_63,0.6875,0.747,0.787,0.6884,0.7243
case_64,0.9045,0.8912,0.9479,0.8704,0.8917
case_65,0.7323,0.7591,0.7861,0.7402,0.7796
case_66,0.8193,0.8031,0.8188,0.8033,0.794
case_67,0.8268,0.8001,0.8428,0.7989,0.8188
case_68,0.8416,0.8684,0.8648,0.8236,0.8762
case_69,0.7787,0.7549,0.7762,0.8013,0.7228
case_70,0.7566,0.793,0.8099,0.7652,0.7876
case_71,0.7175,0.7301,0.7433,0.7399,0.7324
case_72,0.7009,0.7107,0.7344,0.7246,0.7695
case_73,0.863,0.8134,0.8433,0.8255,0.7985
case_74,0.7298,0.7168,0.723,0.6712,0.7249
case_75,0.7403,0.7851,0.7954,0.7848,0.7719
case_76,0.8827,0.9242,0.8902,0.8607,0.9005
case_77,0.7755,0.7884,0.7817,0.779,0.8097
case_78,0.7426,0.7862,0.7777,0.7846,0.8012
case_79,0.8894,0.9038,0.9241,0.8761,0.8865
case_80,0.7647,0.8046,0.8083,0.7662,0.7587
case_81,0.7976,0.8018,0.807,0.7853,0.7974
case_82,0.7765,0.7896,0.8055,0.8287,0.8351
case_83,0.7406,0.7282,0.7972,0.759,0.7605
case_84,0.7885,0.8315,0.8333,0.8099,0.8145
case_85,0.8441,0.8356,0.8629,0.8376,0.857
case_86,0.7586,0.777,0.7571,0.7843,0.7554
case_87,0.7849,0.8321,0.8369,0.8037,0.7833
case_88,0.756,0.7577,0.7713,0.7384,0.7645
case_89,0.7549,0.7511,0.7986,0.7683,0.76
case_90,0.767,0.7543,0.7992,0.7526,0.7662
case_91,0.8522,0.8071,0.8545,0.8487,0.8328
case_92,0.8564,0.8279,0.8597,0.808,0.8262
case_93,0.8331,0.857,0.8826,0.838,0.8173
case_94,0.7091,0.7398,0.7731,0.7074,0.7175
case_95,0.8591,0.8696,0.8621,0.8288,0.8731
case_96,0.8169,0.8249,0.8451,0.8378,0.8282
case_97,0.7655,0.8239,0.8301,0.81,0.8139
case_98,0.7959,0.7921,0.8124,0.8076,0.816
case_99,0.7504,0.7634,0.779,0.7643,0.7543
case_100,0.7513,0.738,0.739,0.7174,0.7332
case_101,0.8366,0.803,0.8418,0.8072,0.7823
case_102,0.8025,0.8384,0.8781,0.841,0.8273
case_103,0.7896,0.7652,0.8207,0.7842,0.8044
case_104,0.8107,0.7959,0.7964,0.824,0.8109
case_105,0.8037,0.7862,0.8102,0.8042,0.7928
case_106,0.7915,0.8054,0.8048,0.8016,0.8065
case_107,0.9028,0.8912,0.9317,0.8931,0.9158
case_108,0.9505,0.9398,0.9773,0.9584,0.9609
case_109,0.7662,0.7552,0.8193,0.7084,0.794
case_110,0.8026,0.817,0.8582,0.8106,0.7993
case_111,0.741,0.7366,0.7662,0.759,0.7544
case_112,0.7966,0.7976,0.8028,0.8268,0.7844
case_113,0.7568,0.7547,0.8042,0.7739,0.7457
case_114,0.8149,0.7687,0.8018,0.7866,0.7641
case_115,0.7262,0.7471,0.78,0.7707,0.7839
case_116,0.7969,0.8076,0.7852,0.7605,0.7545
case_117,0.841,0.8724,0.8644,0.8575,0.848
case_118,0.8049,0.7834,0.7838,0.7729,0.821
case_119,0.8587,0.8588,0.8577,0.8759,0.8492
case_120,0.7435,0.7289,0.7695,0.771,0.722
case_121,0.7273,0.7475,0.7865,0.725,0.7447
case_122,0.7685,0.7448,0.772,0.7717,0.7476
case_123,0.8208,0.8098,0.8411,0.8411,0.8397
case_124,0.7837,0.7979,0.8234,0.7837,0.8025
case_125,0.7833,0.803,0.7971,0.7833,0.7933
case_126,0.8041,0.792,0.7858,0.7783,0.7929
case_127,0.8014,0.8441,0.8151,0.7991,0.7968
case_128,0.7895,0.8003,0.8467,0.8216,0.8379
case_129,0.7646,0.7567,0.8242,0.8008,0.7583
case_130,0.7576,0.7391,0.7737,0.7562,0.7542
case_131,0.7519,0.7767,0.8015,0.7892,0.785
case_132,0.6492,0.6328,0.6969,0.6219,0.6468
case_133,0.7443,0.7545,0.8082,0.7439,0.7351
case_134,0.7843,0.8088,0.83,0.8186,0.8301
case_135,0.7786,0.7786,0.7705,0.7532,0.7452
case_136,0.8168,0.8065,0.8015,0.7897,0.8035
case_137,0.8151,0.7682,0.8283,0.7789,0.7855
case_138,0.8317,0.8344,0.8466,0.8479,0.8565
case_139,0.8026,0.7983,0.8258,0.7987,0.7644
case_140,0.8129,0.7906,0.7897,0.7743,0.7732
case_141,0.7858,0.7612,0.7822,0.7547,0.77
case_142,0.7083,0.7098,0.7275,0.715,0.6905
case_143,0.7953,0.7874,0.8603,0.8449,0.8244
case_144,0.8265,0.8558,0.822,0.8503,0.8571
case_145,0.7481,0.7367,0.7826,0.7725,0.7394
case_146,0.7835,0.786,0.8123,0.8129,0.8126
case_147,0.8772,0.8529,0.8675,0.8626,0.9315
case_148,0.7163,0.6945,0.7597,0.7009,0.7312
case_149,0.7019,0.677,0.7223,0.7112,0.6858
case_150,0.7013,0.7336,0.7241,0.773,0.7376
case_151,0.8667,0.8994,0.9057,0.8642,0.8828
case_152,0.7181,0.7165,0.7919,0.7515,0.7387
case_153,0.8779,0.8459,0.9111,0.8914,0.8751
case_154,0.8715,0.8802,0.8572,0.8884,0.8687
case_155,0.8017,0.7947,0.7916,0.7673,0.773
case_156,0.7804,0.7679,0.7591,0.7657,0.7815
case_157,0.7936,0.8279,0.8604,0.8408,0.8143
case_158,0.8673,0.8512,0.866,0.8505,0.889
case_159,0.7172,0.7763,0.7426,0.7401,0.7447
case_160,0.8212,0.8304,0.8156,0.8467,0.7997
case_161,0.8915,0.8759,0.9372,0.9193,0.8947
case_162,0.7908,0.7307,0.7841,0.772,0.7345
case_163,0.7732,0.8033,0.8189,0.7961,0.8147
case_164,0.6859,0.6784,0.6874,0.7345,0.6969
case_165,0.6465,0.6556,0.6835,0.6841,0.6738
case_166,0.8034,0.8274,0.8306,0.8056,0.8191
case_167,0.7999,0.7948,0.7627,0.8068,0.7747
case_168,0.7607,0.794,0.8398,0.8149,0.7825
case_169,0.8109,0.7826,0.8169,0.8,0.7734
case_170,0.7566,0.7643,0.7429,0.7617,0.7938
case_171,0.7386,0.7228,0.7896,0.749,0.7351
case_172,0.768,0.7898,0.7675,0.7541,0.7583
case_173,0.7279,0.7622,0.7512,0.7182,0.7528
case_174,0.7903,0.829,0.8626,0.8154,0.8195
case_175,0.7661,0.7249,0.7662,0.7219,0.7303
case_176,0.7464,0.7847,0.7801,0.7856,0.7896
case_177,0.8286,0.8064,0.8643,0.8549,0.8249
case_178,0.8618,0.8343,0.8658,0.8489,0.8623
case_179,0.7724,0.7676,0.7678,0.7552,0.7754
case_180,0.8349,0.8318,0.8794,0.8341,0.8475
case_181,0.7491,0.7526,0.8012,0.752,0.7676
case_182,0.789,0.7347,0.8026,0.7485,0.7463
case_183,0.9159,0.9047,0.8903,0.8721,0.884
case_184,0.8711,0.9064,0.8971,0.8597,0.8756
case_185,0.7348,0.7691,0.7635,0.748,0.7246
case_186,0.7134,0.7222,0.738,0.688,0.7173
case_187,0.8316,0.801,0.8665,0.8122,0.8012
case_188,0.7463,0.7732,0.8232,0.7757,0.7748
case_189,0.7559,0.7879,0.8135,0.8044,0.7889
case_190,0.7879,0.7558,0.7885,0.8182,0.7683
case_191,0.7424,0.7489,0.7907,0.6995,0.744
case_192,0.8102,0.7444,0.8166,0.7876,0.7698
case_193,0.802,0.8411,0.8362,0.847,0.8135
case_194,0.8066,0.8413,0.8208,0.8065,0.8093
case_195,0.8128,0.7934,0.8019,0.814,0.8137
case_196,0.8129,0.7805,0.8171,0.8266,0.7597
case_197,0.8362,0.8569,0.8762,0.8325,0.837
case_198,0.8136,0.8208,0.8379,0.8116,0.8314
case_199,0.8583,0.8653,0.8835,0.839,0.8298
case_200,0.7727,0.8068,0.8165,0.7832,0.7419
case_201,0.7835,0.8091,0.8113,0.8011,0.7876
case_202,0.7727,0.7984,0.8508,0.7955,0.8067
case_203,0.8042,0.8498,0.8271,0.8295,0.8054
case_204,0.8273,0.7895,0.8126,0.803,0.8139
case_205,0.7666,0.8138,0.8124,0.7789,0.7932
case_206,0.7297,0.7367,0.7605,0.6812,0.7209
case_207,0.8397,0.8739,0.8965,0.8513,0.8393
case_208,0.7348,0.7168,0.7384,0.7326,0.7739
case_209,0.8677,0.8659,0.8693,0.8443,0.8416
case_210,0.7408,0.7733,0.7782,0.7472,0.7664
case_211,0.7894,0.7193,0.7842,0.7589,0.7563
case_212,0.8979,0.8848,0.8692,0.9284,0.8737
case_213,0.7598,0.7816,0.794,0.7868,0.7552
case_214,0.9119,0.9047,0.9472,0.9384,0.9153
case_215,0.8563,0.8118,0.8593,0.8218,0.8421
case_216,0.7526,0.7334,0.7808,0.7345,0.7499
case_217,0.8598,0.8379,0.8155,0.8115,0.7992
case_218,0.7503,0.7364,0.7688,0.7503,0.7416
case_219,0.9192,0.9106,0.9394,0.941,0.9531
case_220,0.8373,0.7948,0.8386,0.8037,0.7841
case_221,0.7632,0.7648,0.7713,0.7158,0.7161
case_222,0.8829,0.9069,0.9154,0.9035,0.87
case_223,0.8569,0.8305,0.8745,0.8505,0.8296
case_224,0.8595,0.8956,0.8801,0.894,0.8842
case_225,0.7364,0.7701,0.7684,0.7517,0.7724
case_226,0.9348,0.9541,0.978,0.9848,0.9311
case_227,0.8742,0.8601,0.9135,0.8777,0.8884
case_228,0.8016,0.8088,0.8097,0.8002,0.7948
case_229,0.7023,0.739,0.7664,0.7151,0.7181
case_230,0.7723,0.7833,0.7865,0.7669,0.7874
case_231,0.7925,0.8419,0.8597,0.8176,0.834
case_232,0.7469,0.7783,0.7622,0.753,0.7831
case_233,0.7945,0.8085,0.795,0.7668,0.8052
case_234,0.7955,0.8024,0.8167,0.8084,0.8118
case_235,0.818,0.7989,0.8006,0.7945,0.8047
case_236,0.8197,0.7798,0.8232,0.8325,0.7979
case_237,0.681,0.6921,0.7094,0.7228,0.7071
case_238,0.8588,0.8572,0.8562,0.8719,0.8403
case_239,0.7392,0.743,0.7449,0.7269,0.7069
case_240,0.7366,0.7523,0.7634,0.7374,0.7334
case_241,0.8019,0.8035,0.8283,0.7925,0.8073
case_242,0.8122,0.7768,0.8383,0.7731,0.8007
case_243,0.8126,0.8228,0.8593,0.8171,0.8419
case_244,0.7248,0.7601,0.781,0.7538,0.796
case_245,0.8053,0.7928,0.8208,0.8136,0.803
case_246,0.7566,0.7496,0.7582,0.7299,0.7547
case_247,0.8593,0.8562,0.8837,0.8437,0.8139
case_248,0.7802,0.7874,0.8044,0.8172,0.795
case_249,0.8739,0.8333,0.8474,0.8449,0.8798
case_250,0.766,0.7667,0.7831,0.7233,0.7503
case_251,0.9019,0.9298,0.9285,0.8918,0.922
case_252,0.7541,0.745,0.7806,0.7569,0.7809
case_253,0.7879,0.8042,0.8046,0.8227,0.8296
case_254,0.8166,0.8219,0.8435,0.8081,0.7924
case_255,0.8461,0.8284,0.8841,0.8797,0.8456
case_256,0.8387,0.8384,0.855,0.8271,0.8426
case_257,0.7911,0.8379,0.868,0.8232,0.8336
case_258,0.8426,0.9009,0.897,0.893,0.8348
case_259,0.9013,0.8721,0.8937,0.8603,0.867
case_260,0.8533,0.8774,0.9175,0.9341,0.8822
case_261,0.7594,0.7814,0.7993,0.7506,0.7786
case_262,0.7025,0.685,0.7194,0.6925,0.7096
case_263,0.7925,0.8265,0.852,0.804,0.7971
case_264,0.7328,0.7145,0.7426,0.7603,0.7673
case_265,0.9157,0.9053,0.9394,0.9212,0.9252
case_266,0.8799,0.8985,0.9213,0.8652,0.8701
case_267,0.7673,0.7348,0.785,0.7729,0.7647
case_268,0.9391,0.9652,0.9954,0.9454,0.9253
case_269,0.8713,0.8789,0.8898,0.8873,0.876
case_270,0.7751,0.7854,0.792,0.7985,0.8065
case_271,0.7577,0.7854,0.7922,0.761,0.7582
case_272,0.8114,0.8188,0.8176,0.8069,0.7952
case_273,0.7449,0.7416,0.7617,0.7289,0.7357
case_274,0.8227,0.8039,0.8453,0.8383,0.8224
case_275,0.7638,0.7698,0.7701,0.8015,0.7474
case_276,0.7979,0.8061,0.7991,0.8235,0.7894
case_277,0.8294,0.8162,0.8365,0.7955,0.815
case_278,0.8841,0.8498,0.8835,0.8657,0.8413
case_279,0.7585,0.7523,0.7753,0.7647,0.7846
case_280,0.8108,0.7732,0.7339,0.7915,0.7621
case_281,0.7982,0.7882,0.7978,0.7783,0.7804
case_282,0.8217,0.8367,0.8592,0.8122,0.8693
case_283,0.8233,0.8324,0.8427,0.8064,0.8602
case_284,0.7892,0.7687,0.8455,0.7963,0.7732
case_285,0.8354,0.8128,0.8508,0.8098,0.8572
case_286,0.7637,0.7538,0.7932,0.7987,0.7695
case_287,0.8528,0.8485,0.8596,0.836,0.8338
case_288,0.7416,0.7745,0.794,0.6905,0.7122
case_289,0.726,0.7677,0.8045,0.7743,0.7582
case_290,0.7473,0.7455,0.7699,0.736,0.7884
case_291,0.8119,0.7954,0.8112,0.8121,0.819
case_292,0.7606,0.7993,0.8325,0.8161,0.8115
case_293,0.8364,0.8536,0.873,0.8289,0.8676
case_294,0.8358,0.8461,0.8492,0.8495,0.8537
case_295,0.8212,0.7955,0.8601,0.7867,0.8037
case_296,0.7529,0.7727,0.7762,0.7844,0.7307
case_297,0.8072,0.7994,0.8601,0.7952,0.8195
case_298,0.8373,0.8205,0.8297,0.8221,0.8179
case_299,0.8226,0.7996,0.8084,0.7943,0.7834
case_300,0.8217,0.8447,0.866,0.8198,0.8794
case_301,0.8262,0.8175,0.853,0.862,0.8367
case_302,0.7518,0.7364,0.8138,0.7441,0.7752
case_303,0.7601,0.7016,0.7446,0.7043,0.7068
case_304,0.821,0.8074,0.8297,0.778,0.8223
case_305,0.7308,0.7117,0.7202,0.6962,0.6966
case_306,0.8327,0.8987,0.8732,0.8575,0.8827
case_307,0.8393,0.8343,0.8691,0.8217,0.8529
case_308,0.9249,0.939,0.9521,0.946,0.9188
case_309,0.7963,0.8017,0.8295,0.8211,0.813
case_310,0.7623,0.7433,0.7818,0.758,0.7844
case_311,0.9019,0.8538,0.8838,0.8831,0.9101
case_312,0.7894,0.7956,0.8201,0.7884,0.7946
case_313,0.7164,0.708,0.702,0.7117,0.7204
case_314,0.7243,0.7166,0.7055,0.6926,0.7088
case_315,0.7348,0.741,0.7746,0.7663,0.7732
case_316,0.7388,0.7691,0.7856,0.7683,0.7702
case_317,0.829,0.8512,0.8149,0.8387,0.8323
case_318,0.7192,0.736,0.6816,0.6968,0.7047
case_319,0.8169,0.8131,0.8328,0.7757,0.7864
case_320,0.8825,0.8814,0.9148,0.8831,0.8747
case_321,0.7446,0.7481,0.7925,0.7212,0.7412
case_322,0.7443,0.7347,0.7414,0.7139,0.7469
case_323,0.822,0.8111,0.8384,0.8082,0.8327
case_324,0.7549,0.7876,0.841,0.8077,0.8063
case_325,0.8144,0.8124,0.8084,0.8116,0.8526
case_326,0.8443,0.849,0.8942,0.8441,0.879
case_327,0.73,0.7374,0.7578,0.7112,0.7555
case_328,0.8916,0.8654,0.8825,0.8804,0.8957
case_329,0.787,0.7959,0.7945,0.8327,0.7984
case_330,0.7278,0.7488,0.7696,0.7237,0.7638
case_331,0.8114,0.8647,0.8602,0.7905,0.8137
case_332,0.7097,0.7036,0.7375,0.7271,0.6809
case_333,0.7456,0.7396,0.755,0.7547,0.7085
case_334,0.7945,0.7816,0.7879,0.8246,0.7742
case_335,0.8343,0.8271,0.8621,0.8152,0.8325
case_336,0.787,0.7602,0.8078,0.7499,0.7596
case_337,0.7461,0.7802,0.8063,0.7574,0.8075
case_338,0.7403,0.7062,0.7508,0.712,0.7156
case_339,0.7878,0.7971,0.7835,0.8086,0.8006
case_340,0.7918,0.8059,0.8154,0.7925,0.7805
case_341,0.8486,0.8194,0.8354,0.7979,0.8359
case_342,0.8023,0.7519,0.7734,0.7714,0.7498
case_343,0.8199,0.7815,0.838,0.7436,0.8015
case_344,0.8233,0.7869,0.8319,0.7889,0.7921
case_345,0.8882,0.8611,0.8838,0.9182,0.8505
case_346,0.7613,0.7456,0.7666,0.7349,0.7798
case_347,0.7174,0.738,0.7386,0.7418,0.7599
case_348,0.8588,0.8385,0.8956,0.8612,0.9242
case_349,0.8269,0.7872,0.825,0.8036,0.803
case_350,0.8803,0.8927,0.9256,0.8779,0.897
case_351,0.8199,0.8408,0.8389,0.8272,0.8519
case_352,0.72,0.7079,0.7047,0.6645,0.7073
case_353,0.7818,0.781,0.8057,0.7698,0.778
case_354,0.7933,0.8221,0.8489,0.8638,0.8287
case_355,0.8089,0.824,0.8333,0.8222,0.834
case_356,0.6844,0.7293,0.7271,0.6794,0.7265
case_357,0.8221,0.7977,0.8611,0.8255,0.8077
case_358,0.8163,0.8021,0.8059,0.7951,0.7893
case_359,0.7145,0.7207,0.7427,0.7364,0.745
case_360,0.7199,0.7335,0.746,0.6761,0.7217
case_361,0.8864,0.8905,0.9012,0.8949,0.8658
case_362,0.8864,0.8873,0.9054,0.8491,0.8582
case_363,0.8197,0.8309,0.8349,0.8267,0.8349
case_364,0.8224,0.8054,0.8658,0.8127,0.7958
case_365,0.8321,0.836,0.8779,0.8509,0.8308
case_366,0.8601,0.8706,0.8879,0.8797,0.8771
case_367,0.7464,0.7394,0.7364,0.7471,0.7756
case_368,0.726,0.7081,0.7644,0.7324,0.754
case_369,0.7688,0.7766,0.7662,0.7717,0.8178
case_370,0.7603,0.7704,0.8059,0.7643,0.7613
case_371,0.84,0.8241,0.8569,0.8407,0.8674
case_372,0.8933,0.8762,0.9443,0.8602,0.8773
case_373,0.7445,0.773,0.7802,0.7571,0.7847
case_374,0.8696,0.9035,0.8839,0.8616,0.8353
case_375,0.8432,0.8393,0.8773,0.8767,0.8549
case_376,0.8339,0.8052,0.8314,0.8302,0.8131
case_377,0.7727,0.7804,0.8181,0.786,0.7941
case_378,0.8836,0.8551,0.8797,0.8763,0.8871
case_379,0.8064,0.8016,0.8111,0.7872,0.8278
case_380,0.7409,0.7273,0.7538,0.7529,0.75
case_381,0.7386,0.745,0.7779,0.7431,0.7474
case_382,0.7402,0.7655,0.7315,0.7877,0.7066
case_383,0.7468,0.7624,0.7856,0.7631,0.7513
case_384,0.8593,0.8346,0.8794,0.8143,0.9083
case_385,0.7981,0.8051,0.7827,0.762,0.7836
case_386,0.7899,0.8129,0.8433,0.8355,0.8273
case_387,0.7522,0.7762,0.8127,0.7757,0.7914
case_388,0.7957,0.7608,0.831,0.7554,0.7368
case_389,0.775,0.7591,0.8203,0.7611,0.8024
case_390,0.7182,0.7533,0.7851,0.7557,0.7638
case_391,0.8066,0.8055,0.8212,0.8212,0.834
case_392,0.8631,0.8858,0.9235,0.9012,0.8866
case_393,0.8349,0.8668,0.9127,0.8584,0.8573
case_394,0.7614,0.7466,0.7587,0.7528,0.7493
case_395,0.8806,0.8907,0.8952,0.9326,0.9148
case_396,0.8582,0.884,0.8867,0.8716,0.8612
case_397,0.8435,0.8345,0.8202,0.8324,0.8303
case_398,0.7656,0.7815,0.7712,0.7388,0.7485
case_399,0.8141,0.8194,0.8648,0.8131,0.8328
case_400,0.8881,0.8602,0.8845,0.9055,0.8766
case_401,0.8626,0.8748,0.8761,0.832,0.8568
case_402,0.8853,0.8797,0.8902,0.8695,0.881
case_403,0.7802,0.7593,0.7951,0.7562,0.7562
case_404,0.8173,0.805,0.8242,0.838,0.8275
case_405,0.7183,0.7566,0.7727,0.7375,0.7182
case_406,0.7743,0.7887,0.8615,0.831,0.813
case_407,0.763,0.7607,0.8196,0.7783,0.7611
case_408,0.7872,0.8072,0.8247,0.8091,0.852
case_409,0.7922,0.7698,0.8243,0.7626,0.8211
case_410,0.8543,0.8522,0.8615,0.827,0.821
case_411,0.7707,0.7811,0.747,0.7658,0.743
case_412,0.7544,0.7382,0.7311,0.7068,0.7427
case_413,0.7692,0.7903,0.8341,0.7643,0.7661
case_414,0.8559,0.8283,0.8717,0.8585,0.827
case_415,0.8073,0.7739,0.7941,0.7896,0.7451
case_416,0.8249,0.8488,0.8323,0.8067,0.8401
case_417,0.8175,0.7912,0.7842,0.8032,0.8053
case_418,0.7825,0.754,0.8031,0.7714,0.8374
case_419,0.823,0.8466,0.8378,0.8226,0.8223
case_420,0.8483,0.8497,0.8615,0.8736,0.8749
case_421,0.6904,0.6747,0.6715,0.6805,0.6982
case_422,0.7868,0.8264,0.807,0.8222,0.7645
case_423,0.8176,0.8205,0.8205,0.8104,0.8043
case_424,0.8,0.801,0.8633,0.826,0.8225
case_425,0.9056,0.9172,0.9167,0.9258,0.8928
case_426,0.7647,0.7939,0.7673,0.7648,0.7858
case_427,0.7686,0.7598,0.7867,0.8211,0.7696
case_428,0.8268,0.8339,0.8471,0.8422,0.8213
case_429,0.8642,0.8753,0.8773,0.851,0.8449
case_430,0.8593,0.8276,0.8839,0.8236,0.8602
case_431,0.9047,0.8993,0.8859,0.8893,0.8934
case_432,0.843,0.8873,0.8847,0.8568,0.8545
case_433,0.7928,0.8205,0.8178,0.7915,0.786
case_434,0.7248,0.7764,0.7779,0.7489,0.773
case_435,0.7077,0.722,0.7518,0.6911,0.7187
case_436,0.7562,0.7152,0.7579,0.7555,0.7397
case_437,0.8283,0.8443,0.8742,0.8432,0.8601
case_438,0.7952,0.8064,0.7903,0.7921,0.7676
case_439,0.8221,0.8328,0.8537,0.8344,0.8267
case_440,0.7549,0.8009,0.7928,0.7554,0.7737
case_441,0.8166,0.7735,0.8382,0.8398,0.8226
case_442,0.6991,0.6975,0.7141,0.6793,0.6807
case_443,0.7849,0.7921,0.8135,0.7955,0.8106
case_444,0.7979,0.7949,0.8206,0.8092,0.7973
case_445,0.7775,0.7764,0.7936,0.7577,0.8057
case_446,0.8191,0.7627,0.7948,0.7845,0.7652
case_447,0.8968,0.9016,0.9301,0.8627,0.9245
case_448,0.77,0.771,0.8041,0.7606,0.786
case_449,0.8418,0.8893,0.8695,0.8418,0.8832
case_450,0.7551,0.7632,0.7696,0.7605,0.7616
case_451,0.7737,0.8002,0.8095,0.8127,0.803
case_452,0.8236,0.8316,0.8381,0.8633,0.8064
case_453,0.7069,0.6886,0.7169,0.696,0.6921
case_454,0.7499,0.7485,0.7614,0.7224,0.7353
case_455,0.7313,0.7396,0.7742,0.7338,0.7533
case_456,0.8382,0.8136,0.8401,0.8189,0.7981
case_457,0.8107,0.817,0.8315,0.8657,0.8492
case_458,0.7794,0.7922,0.785,0.777,0.7747
case_459,0.801,0.7677,0.8237,0.7607,0.7825
case_460,0.8618,0.8403,0.8329,0.7875,0.8321
case_461,0.8309,0.8277,0.8349,0.836,0.8076
case_462,0.8539,0.829,0.8364,0.8528,0.8246
case_463,0.8076,0.8295,0.8431,0.8597,0.8456
case_464,0.7941,0.7634,0.7831,0.7775,0.7759
case_465,0.7584,0.772,0.7959,0.7357,0.7593
case_466,0.7827,0.8181,0.8023,0.7948,0.8191
case_467,0.747,0.7357,0.761,0.7141,0.7195
case_468,0.8143,0.8158,0.8238,0.8041,0.807
case_469,0.7323,0.7884,0.756,0.7579,0.7593
case_470,0.7295,0.7037,0.7314,0.7508,0.7348
case_471,0.8826,0.848,0.916,0.8886,0.8888
case_472,0.8869,0.8569,0.8907,0.862,0.9054
case_473,0.85,0.8512,0.8657,0.8238,0.8559
case_474,0.817,0.8622,0.8791,0.8523,0.8685
case_475,0.7205,0.7237,0.7471,0.7447,0.7094
case_476,0.75,0.7781,0.7672,0.7549,0.732
case_477,0.7167,0.7442,0.7788,0.7253,0.767
case_478,0.8095,0.8613,0.8731,0.8267,0.8456
case_479,0.7303,0.7678,0.7553,0.7479,0.7121
case_480,0.7547,0.7772,0.8363,0.7868,0.7778
case_481,0.8249,0.7762,0.7979,0.7713,0.7801
case_482,0.7783,0.7559,0.7984,0.7696,0.7944
case_483,0.7213,0.722,0.7307,0.7099,0.7418
case_484,0.8633,0.9285,0.9134,0.8981,0.8701
case_485,0.7449,0.7555,0.8072,0.7437,0.7748
case_486,0.7938,0.7949,0.827,0.8169,0.7964
case_487,0.8543,0.8268,0.8973,0.845,0.8438
case_488,0.7171,0.707,0.7339,0.7005,0.7108
case_489,0.9585,0.9696,1.0,0.9354,0.9561
case_490,0.8879,0.884,0.9148,0.8608,0.8526
case_491,0.7565,0.7857,0.8095,0.82,0.7887
case_492,0.8084,0.7936,0.8195,0.7787,0.7959
case_493,0.7612,0.7657,0.7597,0.748,0.7702
case_494,0.9106,0.9264,0.8871,0.899,0.9179
case_495,0.857,0.7982,0.8407,0.8097,0.8235
case_496,0.8187,0.7853,0.8337,0.8041,0.8344
case_497,0.8547,0.9148,0.8888,0.8521,0.8942
case_498,0.7996,0.8113,0.8447,0.7962,0.791
case_499,0.8155,0.838,0.8561,0.8069,0.8222
case_500,0.7029,0.7199,0.7579,0.6914,0.732
case_501,0.8674,0.8291,0.8728,0.843,0.8612
case_502,0.7812,0.7897,0.7879,0.7928,0.7873
case_503,0.8627,0.8553,0.8554,0.8443,0.8475
case_504,0.9059,0.9118,0.9367,0.901,0.8987
case_505,0.7816,0.78,0.7831,0.7495,0.7771
case_506,0.7659,0.7027,0.763,0.7312,0.7044
case_507,0.6741,0.6789,0.7016,0.692,0.6766
case_508,0.7227,0.7338,0.7562,0.7554,0.7408
case_509,0.8086,0.8054,0.8372,0.8072,0.7949
case_510,0.7078,0.7077,0.7032,0.6938,0.6939
case_511,0.7949,0.7987,0.8488,0.7814,0.8067
case_512,0.8395,0.8529,0.8814,0.8159,0.8677
case_513,0.8108,0.8131,0.8311,0.7494,0.797
case_514,0.7916,0.7872,0.7944,0.7937,0.7994
case_515,0.8659,0.8206,0.8732,0.849,0.8408
case_516,0.9455,0.9599,0.936,0.9309,0.9012
case_517,0.6949,0.7062,0.7664,0.7328,0.7219
case_518,0.8304,0.802,0.831,0.853,0.8458
case_519,0.782,0.8024,0.7978,0.8173,0.7891
case_520,0.7387,0.7613,0.7609,0.7694,0.7566
case_521,0.8509,0.8482,0.8927,0.7972,0.8594
case_522,0.7721,0.7734,0.7958,0.7433,0.7566
case_523,0.7971,0.7929,0.7944,0.7805,0.8037
case_524,0.8195,0.8016,0.8454,0.788,0.8074
case_525,0.797,0.7803,0.8305,0.8305,0.7754
case_526,0.8739,0.8982,0.9033,0.9361,0.9416
case_527,0.8271,0.8042,0.804,0.798,0.7936
case_528,0.8524,0.8414,0.8839,0.8578,0.8301
case_529,0.841,0.8436,0.8702,0.8531,0.8484
case_530,0.8003,0.7876,0.8349,0.8138,0.8301
case_531,0.7588,0.7556,0.756,0.7289,0.7543
case_532,0.782,0.7988,0.8195,0.7653,0.7919
case_533,0.7874,0.7852,0.8186,0.7855,0.7998
case_534,0.8013,0.8125,0.839,0.8093,0.8072
case_535,0.8703,0.8667,0.9026,0.9053,0.8766
case_536,0.8805,0.9376,0.9193,0.9072,0.8745
case_537,0.7679,0.7203,0.7477,0.7455,0.6745
case_538,0.8432,0.8263,0.886,0.8043,0.8202
case_539,0.7112,0.7012,0.7014,0.7037,0.6803
case_540,0.8511,0.8676,0.8912,0.8197,0.8596
case_541,0.8096,0.7808,0.8002,0.8206,0.8176
case_542,0.8406,0.8484,0.8133,0.8131,0.8202
case_543,0.654,0.6469,0.6499,0.6351,0.6448
case_544,0.8219,0.8283,0.8469,0.831,0.819
case_545,0.8668,0.862,0.8928,0.8429,0.8925
case_546,0.7978,0.7924,0.8421,0.7784,0.8129
case_547,0.8092,0.8399,0.8485,0.8421,0.8482
case_548,0.8774,0.9059,0.8668,0.8682,0.8634
case_549,0.837,0.81,0.8635,0.8389,0.8346
case_550,0.826,0.8647,0.8755,0.8332,0.8622
case_551,0.7693,0.7977,0.8021,0.7989,0.8234
case_552,0.951,0.9503,0.948,0.9227,0.9359
case_553,0.7923,0.783,0.8411,0.7735,0.7838
case_554,0.8195,0.8034,0.861,0.8383,0.7736
case_555,0.6476,0.6554,0.6749,0.6417,0.6414
case_556,0.7379,0.7735,0.8231,0.7926,0.7861
case_557,0.7987,0.8098,0.8338,0.7892,0.8612
case_558,0.7746,0.7853,0.8082,0.7609,0.7838
case_559,0.7739,0.7566,0.7603,0.7674,0.7293
case_560,0.7159,0.7523,0.7998,0.7659,0.7376
case_561,0.8623,0.895,0.8925,0.8962,0.8967
case_562,0.9309,0.8521,0.902,0.8724,0.8863
case_563,0.7459,0.7723,0.7736,0.7498,0.7693
case_564,0.771,0.7889,0.7544,0.7542,0.7609
case_565,0.7587,0.7421,0.773,0.7312,0.7644
case_566,0.8273,0.8054,0.8325,0.8119,0.8158
case_567,0.78,0.7623,0.7272,0.783,0.7756
case_568,0.6654,0.6546,0.6737,0.6583,0.6496
case_569,0.8532,0.8611,0.8515,0.8861,0.8317
case_570,0.765,0.7776,0.7794,0.7707,0.7865
case_571,0.7264,0.7538,0.7806,0.7793,0.7525
case_572,0.7909,0.7635,0.7995,0.7886,0.784
case_573,0.7109,0.7132,0.7427,0.7341,0.7203
case_574,0.7363,0.7957,0.8089,0.7738,0.7592
case_575,0.8113,0.8192,0.8244,0.8356,0.8269
case_576,0.7212,0.7456,0.7779,0.7369,0.7781
case_577,0.7968,0.8121,0.7974,0.8187,0.8173
case_578,0.7501,0.7276,0.7523,0.7176,0.7489
case_579,0.8721,0.872,0.8474,0.8577,0.8747
case_580,0.7862,0.7827,0.833,0.8062,0.8184
case_581,0.8761,0.8732,0.9133,0.8902,0.9091
case_582,0.8132,0.7646,0.7903,0.7942,0.8188
case_583,0.7814,0.751,0.8019,0.7679,0.7584
case_584,0.7254,0.7472,0.7664,0.763,0.7362
case_585,0.8751,0.863,0.901,0.8307,0.8774
case_586,0.7952,0.8078,0.8734,0.7952,0.8144
case_587,0.7474,0.7425,0.7677,0.7596,0.742
case_588,0.7853,0.8546,0.8636,0.8058,0.8238
case_589,0.7537,0.7102,0.7725,0.7269,0.7288
case_590,0.8073,0.7943,0.8625,0.824,0.8348
case_591,0.8602,0.8501,0.9004,0.8442,0.8625
case_592,0.7935,0.8066,0.8037,0.7598,0.7634
case_593,0.7553,0.7271,0.805,0.7672,0.7393
case_594,0.8106,0.7858,0.8328,0.8054,0.8593
case_595,0.7052,0.8059,0.7875,0.7366,0.751
case_596,0.7023,0.6939,0.724,0.68,0.6718
case_597,0.8642,0.8648,0.8983,0.8685,0.8482
case_598,0.9568,0.9868,0.9593,0.9307,0.9493
case_599,0.7783,0.7832,0.8353,0.8053,0.7878
case_600,0.7731,0.7734,0.8122,0.7663,0.7551
case_601,0.7556,0.8001,0.8068,0.804,0.7933
case_602,0.8173,0.7846,0.8276,0.7911,0.7949
case_603,0.747,0.7658,0.7966,0.7431,0.7423
case_604,0.846,0.8452,0.904,0.8627,0.8502
case_605,0.7948,0.8019,0.8002,0.7945,0.8005
case_606,0.7736,0.7565,0.7551,0.7675,0.7579
case_607,0.7305,0.7254,0.7504,0.727,0.7479
case_608,0.7367,0.7501,0.8001,0.7794,0.7805
case_609,0.8298,0.8418,0.8522,0.8152,0.8561
case_610,0.7393,0.783,0.7622,0.7882,0.75
case_611,0.7899,0.7542,0.7991,0.7661,0.7625
case_612,0.8176,0.7928,0.8178,0.8119,0.8163
case_613,0.8123,0.8271,0.8559,0.8139,0.8294
case_614,0.7913,0.7776,0.7531,0.7265,0.7892
case_615,0.8766,0.8327,0.876,0.834,0.8611
case_616,0.8167,0.8416,0.8412,0.8151,0.8569
case_617,0.7475,0.7689,0.7396,0.7727,0.7619
case_618,0.8398,0.8572,0.8591,0.8636,0.8518
case_619,0.8588,0.851,0.8479,0.8471,0.8489
case_620,0.8728,0.8694,0.8409,0.8688,0.8689
case_621,0.8023,0.8155,0.8465,0.817,0.8305
case_622,0.8499,0.8463,0.9037,0.8352,0.8585
case_623,0.7861,0.8557,0.8501,0.7859,0.7982
case_624,0.8757,0.8839,0.9064,0.8833,0.8597
case_625,0.8643,0.8006,0.8584,0.8387,0.8635
case_626,0.8242,0.828,0.8087,0.8437,0.8002
case_627,0.7837,0.7526,0.8074,0.8356,0.782
case_628,0.7792,0.7934,0.8002,0.7835,0.8234
case_629,0.6819,0.695,0.7403,0.6915,0.7081
case_630,0.8187,0.8141,0.8543,0.8058,0.7803
case_631,0.7825,0.7696,0.7799,0.7921,0.77
case_632,0.7672,0.799,0.797,0.7707,0.7552
case_633,0.7372,0.7303,0.7593,0.7142,0.7308
case_634,0.8312,0.8179,0.8298,0.8289,0.8526
case_635,0.747,0.7482,0.7722,0.7625,0.7487
case_636,0.8411,0.8385,0.8477,0.8462,0.8552
case_637,0.7928,0.7898,0.8202,0.7999,0.8258
case_638,0.8706,0.8277,0.8794,0.8419,0.8512
case_639,0.7355,0.6992,0.7184,0.7074,0.7243
case_640,0.761,0.7748,0.7706,0.7809,0.7655
case_641,0.8804,0.8579,0.8759,0.8477,0.872
case_642,0.8514,0.8489,0.8613,0.8319,0.8464
case_643,0.7827,0.7727,0.84,0.7652,0.7841
case_644,0.7495,0.7713,0.8034,0.7768,0.7464
case_645,0.8791,0.8616,0.8964,0.8674,0.8698
case_646,0.7512,0.7072,0.7986,0.7545,0.8011
case_647,0.7266,0.7026,0.7381,0.7292,0.752
case_648,0.823,0.8437,0.851,0.8328,0.8499
case_649,0.881,0.8693,0.8999,0.8371,0.8688
case_650,0.8007,0.7488,0.8169,0.7519,0.7771
case_651,0.7312,0.7519,0.7289,0.7203,0.7305
case_652,0.8179,0.8438,0.884,0.8601,0.8749
case_653,0.8457,0.8051,0.8128,0.7957,0.8162
case_654,0.7473,0.8028,0.7834,0.7684,0.7892
case_655,0.7458,0.7711,0.715,0.7543,0.7413
case_656,0.711,0.7202,0.7753,0.7176,0.7548
case_657,0.8206,0.792,0.8526,0.8298,0.8069
case_658,0.8286,0.8492,0.9093,0.8427,0.8349
case_659,0.8853,0.8978,0.9069,0.8773,0.8872
case_660,0.784,0.7608,0.7675,0.7231,0.7747
case_661,0.781,0.7744,0.8248,0.7627,0.8045
case_662,0.8171,0.8037,0.8328,0.777,0.7428
case_663,0.7406,0.7736,0.7431,0.782,0.801
case_664,0.9072,0.9171,0.9635,0.9529,0.9086
case_665,0.7454,0.7415,0.7825,0.7637,0.7398
case_666,0.8004,0.8228,0.838,0.8156,0.8497
case_667,0.813,0.826,0.84,0.7773,0.8235
case_668,0.7243,0.7388,0.7792,0.7618,0.7656
case_669,0.7487,0.7331,0.7666,0.749,0.7536
case_670,0.8966,0.8824,0.8919,0.8968,0.8984
case_671,0.8497,0.8759,0.883,0.8885,0.8776
case_672,0.866,0.8295,0.8575,0.8674,0.8018
case_673,0.7288,0.7545,0.7958,0.7437,0.7282
case_674,0.8186,0.8733,0.8247,0.856,0.8561
case_675,0.7826,0.772,0.7946,0.8057,0.7713
case_676,0.7904,0.7627,0.7925,0.7822,0.8018
case_677,0.7428,0.7352,0.7612,0.7259,0.747
case_678,0.8261,0.8606,0.872,0.8158,0.8347
case_679,0.8278,0.8699,0.8807,0.848,0.8575
case_680,0.7531,0.7725,0.7822,0.7463,0.7571
case_681,0.8072,0.7958,0.8008,0.8206,0.798
case_682,0.8219,0.8166,0.8572,0.8248,0.8508
case_683,0.8476,0.8039,0.8315,0.8041,0.8414
case_684,0.7366,0.7141,0.7404,0.7361,0.7468
case_685,0.7506,0.7883,0.7674,0.7586,0.7844
case_686,0.8542,0.894,0.8946,0.8752,0.8976
case_687,0.7927,0.8196,0.8238,0.7889,0.7929
case_688,0.6927,0.7066,0.7521,0.7185,0.723
case_689,0.75,0.7371,0.7717,0.7322,0.7272
case_690,0.8612,0.8527,0.8667,0.8938,0.859
case_691,0.7818,0.7912,0.8197,0.7623,0.7984
case_692,0.7829,0.764,0.7658,0.7626,0.7655
case_693,0.7999,0.8154,0.8467,0.8354,0.8903
case_694,0.8654,0.8594,0.9189,0.8787,0.8879
case_695,0.7614,0.7701,0.7842,0.7488,0.7747
case_696,0.8347,0.8116,0.8343,0.813,0.8431
case_697,0.6512,0.665,0.6863,0.6937,0.6939
case_698,0.8381,0.8462,0.8654,0.8179,0.8386
case_699,0.7864,0.7505,0.7886,0.7505,0.7678
case_700,0.7409,0.7741,0.827,0.807,0.8034
case_701,0.6724,0.7041,0.7829,0.698,0.7121
case_702,0.757,0.8238,0.8072,0.8132,0.8026
case_703,0.7816,0.806,0.8301,0.8424,0.8097
case_704,0.8786,0.8818,0.9055,0.8521,0.8728
case_705,0.6826,0.6855,0.7247,0.6992,0.6615
case_706,0.7616,0.794,0.8167,0.7743,0.7932
case_707,0.7888,0.7854,0.7857,0.7536,0.7629
case_708,0.8502,0.8241,0.8478,0.8244,0.8532
case_709,0.7167,0.7324,0.7258,0.6926,0.7215
case_710,0.8116,0.7836,0.8285,0.7865,0.8127
case_711,0.6945,0.713,0.734,0.7471,0.7291
case_712,0.7911,0.8229,0.7914,0.8055,0.7884
case_713,0.8664,0.8849,0.927,0.895,0.8967
case_714,0.8408,0.8875,0.8891,0.8288,0.8919
case_715,0.6756,0.6794,0.7231,0.6751,0.7093
case_716,0.6959,0.744,0.746,0.7335,0.7285
case_717,0.802,0.857,0.8604,0.8012,0.8411
case_718,0.8447,0.8956,0.8913,0.856,0.8611
case_719,0.8856,0.9178,0.9047,0.8347,0.8758
case_720,0.7294,0.7837,0.7894,0.7699,0.7554
case_721,0.8594,0.8823,0.8981,0.8742,0.8879
case_722,0.8029,0.8172,0.8253,0.7821,0.7925
case_723,0.834,0.8493,0.8762,0.8548,0.8337
case_724,0.887,0.8823,0.9311,0.9109,0.8885
case_725,0.757,0.7748,0.8093,0.7822,0.7863
case_726,0.8574,0.9158,0.9536,0.8965,0.8907
case_727,0.857,0.8418,0.8817,0.824,0.8298
case_728,0.844,0.868,0.8999,0.8894,0.9098
case_729,0.6982,0.7138,0.7288,0.715,0.7006
case_730,0.7203,0.6924,0.7071,0.7129,0.6822
case_731,0.6824,0.6786,0.6785,0.6802,0.6593
case_732,0.845,0.8395,0.8771,0.8238,0.8688
case_733,0.8327,0.811,0.8456,0.8323,0.8422
case_734,0.8148,0.8738,0.8622,0.829,0.8211
case_735,0.772,0.7381,0.7983,0.7706,0.7392
case_736,0.732,0.731,0.7719,0.7529,0.7653
case_737,0.7459,0.751,0.7746,0.7511,0.7087
case_738,0.8258,0.7748,0.8669,0.8465,0.8299
case_739,0.804,0.8327,0.8179,0.791,0.8057
case_740,0.8348,0.795,0.838,0.8347,0.8239
case_741,0.7554,0.7906,0.7863,0.751,0.782
case_742,0.8544,0.8936,0.8895,0.8624,0.8744
case_743,0.84,0.8084,0.8819,0.8382,0.8791
case_744,0.7884,0.7718,0.8213,0.806,0.7894
case_745,0.8154,0.8177,0.8418,0.8353,0.8415
case_746,0.8117,0.7922,0.8747,0.8326,0.8403
case_747,0.7834,0.807,0.8661,0.8242,0.7945
case_748,0.7299,0.7759,0.7425,0.7328,0.7518
case_749,0.7363,0.7898,0.785,0.767,0.7275
case_750,0.9323,0.9573,0.9519,0.9516,0.9632
case_751,0.8846,0.9218,0.9228,0.9107,0.8896
case_752,0.9322,0.958,0.9427,0.9361,0.9374
case_753,0.7876,0.7951,0.799,0.7817,0.7784
case_754,0.791,0.821,0.8101,0.7859,0.7954
case_755,0.6913,0.7338,0.6913,0.7152,0.6929
case_756,0.8101,0.838,0.842,0.8728,0.8219
case_757,0.9732,0.9702,0.9999,0.9801,0.9381
case_758,0.694,0.6487,0.6727,0.6772,0.6633
case_759,0.7726,0.8193,0.8468,0.8142,0.8503
case_760,0.6372,0.6408,0.6849,0.6401,0.6371
case_761,0.8424,0.8189,0.8643,0.852,0.8683
case_762,0.8961,0.8658,0.9216,0.8477,0.8304
case_763,0.8347,0.8553,0.8471,0.8613,0.8314
case_764,0.8305,0.8114,0.8392,0.7946,0.8517
case_765,0.8101,0.8006,0.8711,0.8205,0.8369
case_766,0.7705,0.7728,0.7766,0.7947,0.7585
case_767,0.7296,0.7155,0.7563,0.7128,0.7516
case_768,0.7593,0.8213,0.7828,0.7812,0.7873
case_769,0.8462,0.7976,0.8534,0.8721,0.8193
case_770,0.8044,0.7987,0.7893,0.8094,0.8193
case_771,0.7963,0.8005,0.8442,0.835,0.8246
case_772,0.8409,0.8646,0.8731,0.8624,0.8394
case_773,0.8075,0.7789,0.8038,0.8162,0.8126
case_774,0.7953,0.7585,0.8204,0.7592,0.7756
case_775,0.8252,0.836,0.8677,0.8629,0.8341
case_776,0.8723,0.8116,0.8043,0.8072,0.8281
case_777,0.826,0.8334,0.8425,0.8269,0.8367
case_778,0.7545,0.7712,0.7875,0.7519,0.7641
case_779,0.7507,0.7846,0.7894,0.8002,0.7739
case_780,0.6223,0.612,0.6377,0.6352,0.6381
case_781,0.868,0.8593,0.9259,0.9075,0.8733
case_782,0.8096,0.7843,0.8119,0.8295,0.8272
case_783,0.7952,0.8128,0.81,0.7886,0.7685
case_784,0.7351,0.7327,0.7864,0.7529,0.7642
case_785,0.8004,0.815,0.8099,0.804,0.8239
case_786,0.698,0.6837,0.7206,0.7233,0.7007
case_787,0.7202,0.7175,0.746,0.737,0.7387
case_788,0.7488,0.7522,0.7834,0.7826,0.7754
case_789,0.7234,0.7762,0.7865,0.7212,0.7486
case_790,0.7279,0.7424,0.7391,0.7752,0.7743
case_791,0.8506,0.9291,0.8953,0.9011,0.8646
case_792,0.8266,0.8185,0.8471,0.8323,0.852
case_793,0.827,0.8303,0.8334,0.8187,0.8263
case_794,0.7785,0.798,0.8093,0.7922,0.7585
case_795,0.7055,0.737,0.7507,0.7558,0.7322
case_796,0.7566,0.7843,0.7755,0.7492,0.7693
case_797,0.8748,0.84,0.9209,0.8769,0.8777
case_798,0.9017,0.9034,0.918,0.9066,0.9252
case_799,0.8374,0.8765,0.9319,0.8578,0.8606
case_800,0.7662,0.774,0.793,0.7685,0.7623
case_801,0.7722,0.7746,0.8229,0.7604,0.7911
case_802,0.7219,0.6951,0.7494,0.6783,0.7155
case_803,0.8139,0.8238,0.8635,0.7882,0.8286
case_804,0.8359,0.89,0.8755,0.8367,0.8421
case_805,0.8841,0.8745,0.9066,0.8716,0.843
case_806,0.7116,0.7383,0.7965,0.7434,0.7087
case_807,0.8153,0.8335,0.8556,0.8142,0.815
case_808,0.8774,0.872,0.8695,0.8587,0.8658
case_809,0.8243,0.8017,0.8445,0.8511,0.8331
case_810,0.6807,0.7197,0.6719,0.6698,0.6838
case_811,0.7602,0.7385,0.7619,0.7416,0.7141
case_812,0.8743,0.889,0.9225,0.916,0.9225
case_813,0.7901,0.8101,0.8391,0.8083,0.804
case_814,0.7646,0.7318,0.7605,0.7746,0.7644
case_815,0.6834,0.7286,0.7527,0.7269,0.7051
case_816,0.763,0.7543,0.7682,0.7447,0.722
case_817,0.7531,0.7771,0.7825,0.7574,0.7258
case_818,0.7617,0.7777,0.7829,0.7931,0.7734
case_819,0.8498,0.8539,0.8937,0.8849,0.881
case_820,0.7601,0.7963,0.782,0.7866,0.7749
case_821,0.8393,0.8662,0.8693,0.8764,0.8578
case_822,0.735,0.7585,0.7639,0.7397,0.7421
case_823,0.8447,0.8493,0.8353,0.8203,0.8087
case_824,0.7961,0.7765,0.7801,0.7491,0.7819
case_825,0.8827,0.8526,0.813,0.8312,0.8172
case_826,0.7527,0.7444,0.7636,0.7496,0.7789
case_827,0.779,0.7646,0.7935,0.7381,0.7605
case_828,0.8682,0.9053,0.8793,0.8559,0.8529
case_829,0.7937,0.8124,0.7965,0.8024,0.7837
case_830,0.8477,0.8258,0.8471,0.8381,0.8751
case_831,0.8809,0.8341,0.8921,0.8709,0.8845
case_832,0.7656,0.8246,0.7746,0.7861,0.7988
case_833,0.8091,0.804,0.806,0.7818,0.8225
case_834,0.8152,0.7726,0.789,0.759,0.7745
case_835,0.768,0.743,0.7911,0.7781,0.7621
case_836,0.7572,0.7425,0.755,0.7622,0.7782
case_837,0.7395,0.7508,0.7771,0.7488,0.777
case_838,0.8533,0.881,0.8941,0.8725,0.839
case_839,0.7767,0.7862,0.7859,0.7648,0.8161
case_840,0.7546,0.7801,0.7694,0.7659,0.7307
case_841,0.7515,0.7651,0.7681,0.7621,0.7338
case_842,0.7237,0.7032,0.755,0.7644,0.7313
case_843,0.8004,0.8022,0.8402,0.7984,0.8225
case_844,0.8354,0.8213,0.8614,0.8129,0.8025
case_845,0.7918,0.7765,0.8099,0.7831,0.78
case_846,0.8633,0.8352,0.8356,0.8519,0.8644
case_847,0.8351,0.7912,0.8657,0.8144,0.8143
case_848,0.7812,0.7874,0.7634,0.7845,0.7847
case_849,0.7505,0.7535,0.7749,0.7953,0.7545
case_850,0.8351,0.8129,0.8556,0.8316,0.8076
case_851,0.7525,0.7191,0.7414,0.6934,0.7135
case_852,0.8179,0.7776,0.808,0.796,0.7934
case_853,0.8136,0.8129,0.8575,0.8247,0.8029
case_854,0.8772,0.8641,0.8843,0.8438,0.8939
case_855,0.6859,0.7025,0.7146,0.6967,0.7174
case_856,0.8964,0.8917,0.9319,0.892,0.89
case_857,0.8352,0.8396,0.8176,0.7961,0.8023
case_858,0.8757,0.889,0.9154,0.8885,0.8487
case_859,0.7353,0.7693,0.7879,0.7747,0.7967
case_860,0.7467,0.748,0.7882,0.7332,0.728
case_861,0.8127,0.796,0.8153,0.8152,0.788
case_862,0.8274,0.8251,0.8279,0.8475,0.811
case_863,0.7828,0.7817,0.7996,0.7957,0.7831
case_864,0.7395,0.7769,0.7893,0.7463,0.735
case_865,0.8006,0.7858,0.7917,0.7726,0.7801
case_866,0.7231,0.7549,0.7506,0.7091,0.7535
case_867,0.8721,0.8329,0.8675,0.8821,0.8427
case_868,0.8435,0.8747,0.925,0.8523,0.8561
case_869,0.8767,0.8749,0.9035,0.8667,0.8699
case_870,0.7196,0.7658,0.7844,0.7508,0.7274
case_871,0.8421,0.7823,0.8462,0.8056,0.8032
case_872,0.8372,0.8357,0.8412,0.8314,0.8
case_873,0.9476,0.936,0.9528,0.9557,0.9195
case_874,0.7862,0.8035,0.8005,0.8093,0.7873
case_875,0.8292,0.8446,0.8316,0.8141,0.8401
case_876,0.7415,0.7347,0.7446,0.7683,0.7012
case_877,0.8186,0.8316,0.834,0.8128,0.8108
case_878,0.8758,0.8162,0.8814,0.8408,0.8268
case_879,0.7674,0.8407,0.8196,0.8061,0.7462
case_880,0.7363,0.7594,0.7782,0.72,0.7717
case_881,0.8128,0.8189,0.8012,0.8261,0.7831
case_882,0.8788,0.8818,0.8953,0.8894,0.8857
case_883,0.8243,0.8555,0.8601,0.8884,0.8735
case_884,0.9081,0.9003,0.941,0.9396,0.9207
case_885,0.8165,0.7723,0.8392,0.8389,0.8289
case_886,0.7897,0.797,0.8312,0.795,0.8223
case_887,0.8142,0.8357,0.8199,0.8077,0.809
case_888,0.8682,0.8648,0.8288,0.8238,0.8349
case_889,0.9088,0.8528,0.8784,0.8694,0.8632
case_890,0.7862,0.8084,0.8387,0.7966,0.7795
case_891,0.8644,0.8819,0.8804,0.8652,0.8619
case_892,0.8485,0.8593,0.869,0.8359,0.8487
case_893,0.7059,0.7265,0.7447,0.7137,0.7033
case_894,0.7512,0.7444,0.7678,0.7672,0.7557
case_895,0.6642,0.7223,0.7304,0.7267,0.7066
case_896,0.8453,0.8461,0.9067,0.8423,0.8792
case_897,0.7877,0.804,0.8283,0.7709,0.7754
case_898,0.9256,0.9199,0.9868,0.9508,0.9769
case_899,0.6988,0.726,0.7468,0.711,0.725
case_900,0.8388,0.8403,0.8256,0.8233,0.7995
case_901,0.8513,0.8283,0.8678,0.8423,0.8329
case_902,0.8199,0.8062,0.7898,0.7933,0.7988
case_903,0.792,0.824,0.8542,0.8312,0.8157
case_904,0.8303,0.8663,0.8661,0.8222,0.8424
case_905,0.8823,0.8701,0.9129,0.876,0.9036
case_906,0.8489,0.8115,0.8307,0.8323,0.8481
case_907,0.8487,0.8764,0.9096,0.8758,0.904
case_908,0.8225,0.8059,0.8344,0.8246,0.8433
case_909,0.7424,0.7447,0.7607,0.7447,0.7658
case_910,0.6643,0.7135,0.7063,0.6869,0.6691
case_911,0.7963,0.8201,0.8469,0.8287,0.8231
case_912,0.6984,0.7104,0.748,0.707,0.7223
case_913,0.7959,0.772,0.8376,0.785,0.7899
case_914,0.8558,0.8438,0.8887,0.844,0.8824
case_915,0.7342,0.7814,0.7988,0.7493,0.7659
case_916,0.7936,0.806,0.8457,0.8313,0.833
case_917,0.759,0.839,0.8422,0.7987,0.8216
case_918,0.794,0.7757,0.7978,0.7974,0.778
case_919,0.8116,0.7948,0.8134,0.7851,0.8083
case_920,0.8117,0.8102,0.8185,0.8276,0.8333
case_921,0.7052,0.7163,0.7092,0.6889,0.7024
case_922,0.7418,0.7578,0.7804,0.7822,0.7782
case_923,0.8243,0.8226,0.832,0.8404,0.8236
case_924,0.9247,0.9148,0.9247,0.8641,0.8935
case_925,0.8192,0.8084,0.8597,0.8516,0.8059
case_926,0.7439,0.7512,0.7402,0.7309,0.7378
case_927,0.8308,0.815,0.8706,0.8374,0.8611
case_928,0.8304,0.8356,0.8524,0.8602,0.8616
case_929,0.8045,0.8289,0.8536,0.787,0.8252
case_930,0.8858,0.8752,0.8898,0.8525,0.8775
case_931,0.7061,0.6989,0.7569,0.6812,0.6967
case_932,0.7622,0.758,0.8011,0.7926,0.7601
case_933,0.7663,0.7885,0.8294,0.7675,0.79
case_934,0.7864,0.8056,0.8547,0.799,0.7919
case_935,0.7924,0.7862,0.8207,0.7529,0.7806
case_936,0.7612,0.7391,0.7816,0.7498,0.7799
case_937,0.8636,0.8714,0.8506,0.8759,0.8805
case_938,0.8224,0.7966,0.7769,0.7766,0.7802
case_939,0.7823,0.7939,0.8054,0.7963,0.7809
case_940,0.8219,0.8648,0.8572,0.8656,0.8313
case_941,0.742,0.7752,0.7853,0.7582,0.7638
case_942,0.6859,0.6562,0.6831,0.6687,0.6743
case_943,0.8047,0.8094,0.8625,0.8232,0.8013
case_944,0.8407,0.8406,0.8653,0.8554,0.8569
case_945,0.9054,0.8594,0.9041,0.8786,0.8711
case_946,0.8629,0.8871,0.8909,0.861,0.8872
case_947,0.728,0.7361,0.7448,0.7212,0.7515
case_948,0.8342,0.8219,0.8187,0.8263,0.8444
case_949,0.7658,0.8037,0.7972,0.804,0.7754
case_950,0.7779,0.8193,0.847,0.7998,0.8016
case_951,0.8816,0.9361,0.9171,0.9004,0.8937
case_952,0.818,0.8432,0.837,0.8407,0.809
case_953,0.837,0.861,0.8656,0.8579,0.8702
case_954,0.8248,0.7869,0.7791,0.8062,0.8146
case_955,0.7152,0.753,0.7413,0.7105,0.7118
case_956,0.8602,0.9011,0.9361,0.9198,0.886
case_957,0.7708,0.8089,0.8197,0.7511,0.7914
case_958,0.7368,0.7254,0.754,0.7401,0.7513
case_959,0.7616,0.7804,0.8023,0.742,0.738
case_960,0.8052,0.7775,0.837,0.7738,0.7654
case_961,0.8106,0.77,0.8177,0.8053,0.7917
case_962,0.8989,0.9294,0.9397,0.9159,0.9274
case_963,0.7718,0.7513,0.784,0.7836,0.7453
case_964,0.8471,0.8827,0.8917,0.8673,0.869
case_965,0.8324,0.8353,0.8668,0.8341,0.8082
case_966,0.9714,0.9713,0.9675,0.9664,0.928
case_967,0.7911,0.7843,0.8329,0.7698,0.7736
case_968,0.7842,0.8136,0.8519,0.8183,0.8045
case_969,0.7263,0.7151,0.7337,0.6998,0.7416
case_970,0.8329,0.8411,0.8492,0.8528,0.8476
case_971,0.7412,0.7759,0.8037,0.7464,0.7721
case_972,0.9317,0.9557,0.9772,0.9282,0.9673
case_973,0.7905,0.7966,0.8443,0.8235,0.8075
case_974,0.8509,0.89,0.8983,0.8854,0.894
case_975,0.7867,0.7526,0.7963,0.7614,0.7773
case_976,0.7292,0.7632,0.7557,0.739,0.7421
case_977,0.8154,0.7822,0.8176,0.8177,0.8046
case_978,0.8047,0.7619,0.7688,0.7845,0.7637
case_979,0.7396,0.7616,0.7991,0.7584,0.7362
case_980,0.7901,0.777,0.8256,0.7829,0.8342
case_981,0.8204,0.7771,0.8593,0.788,0.8142
case_982,0.7151,0.7557,0.7641,0.7462,0.8025
case_983,0.793,0.7937,0.8627,0.8207,0.8146
case_984,0.8592,0.8094,0.8347,0.8431,0.8715
case_985,0.8099,0.8308,0.8425,0.7992,0.7626
case_986,0.7956,0.794,0.8486,0.8094,0.7813
case_987,0.806,0.8003,0.8393,0.8076,0.8017
case_988,0.7914,0.8107,0.7927,0.7936,0.7514
case_989,0.7836,0.7792,0.7914,0.7742,0.7562
case_990,0.7751,0.7651,0.7629,0.7952,0.7794
case_991,0.7135,0.7094,0.7449,0.6943,0.7176
case_992,0.7815,0.7668,0.7888,0.7954,0.765
case_993,0.8946,0.8811,0.8934,0.842,0.8829
case_994,0.7365,0.7106,0.7387,0.6806,0.6954
case_995,0.8111,0.8447,0.8325,0.8047,0.8417
case_996,0.7354,0.7584,0.7541,0.7502,0.7335
case_997,0.7716,0.8081,0.809,0.7523,0.7575
case_998,0.8394,0.8314,0.8679,0.8103,0.8245
case_999,0.7801,0.8157,0.8308,0.7982,0.8285
case_1000,0.7506,0.7617,0.772,0.7454,0.7452
case_1001,0.7621,0.7511,0.7814,0.7784,0.7698
case_1002,0.8138,0.7887,0.85,0.8189,0.838
case_1003,0.9071,0.922,0.9479,0.9088,0.9039
case_1004,0.8522,0.854,0.8798,0.8401,0.8507
case_1005,0.8606,0.8336,0.858,0.8458,0.8619
case_1006,0.7923,0.8346,0.8364,0.8232,0.8159
case_1007,0.8833,0.8679,0.8812,0.8672,0.8562
case_1008,0.9328,0.9646,0.9855,0.9618,0.9475
case_1009,0.8336,0.8393,0.8808,0.8228,0.8335
case_1010,0.874,0.842,0.8822,0.863,0.8607
case_1011,0.7743,0.7644,0.8113,0.7656,0.7589
case_1012,0.7309,0.7567,0.7464,0.7323,0.7492
case_1013,0.823,0.8473,0.8727,0.8129,0.854
case_1014,0.8303,0.8621,0.847,0.826,0.8398
case_1015,0.8292,0.833,0.8366,0.8224,0.8501
case_1016,0.7351,0.7444,0.7793,0.7343,0.7933
case_1017,0.8235,0.8025,0.7998,0.8047,0.7854
case_1018,0.7831,0.8007,0.7955,0.7825,0.802
case_1019,0.7769,0.7972,0.7944,0.7681,0.7825
case_1020,0.795,0.7947,0.8057,0.7842,0.8158
case_1021,0.7545,0.7267,0.753,0.7343,0.7112
case_1022,0.732,0.6887,0.7415,0.7324,0.7199
case_1023,0.8735,0.8671,0.9055,0.8383,0.8706
case_1024,0.8124,0.8182,0.8437,0.8215,0.8755
case_1025,0.8299,0.791,0.8286,0.8162,0.8131
case_1026,0.8686,0.8644,0.9243,0.8639,0.8804
case_1027,0.7904,0.7907,0.784,0.7838,0.7894
case_1028,0.8107,0.792,0.8345,0.8082,0.8126
case_1029,0.7798,0.7762,0.8096,0.7709,0.7688
case_1030,0.8077,0.7923,0.8183,0.7763,0.8014
case_1031,0.7787,0.7634,0.7824,0.7686,0.7759
case_1032,0.7632,0.7729,0.8179,0.7774,0.7422
case_1033,0.8152,0.7884,0.8836,0.8184,0.7936
case_1034,0.759,0.7949,0.8391,0.8177,0.7833
case_1035,0.8921,0.9045,0.9136,0.9132,0.8841
case_1036,0.81,0.8463,0.8177,0.8259,0.8109
case_1037,0.8757,0.8385,0.9029,0.8441,0.8582
case_1038,0.8284,0.801,0.8109,0.8161,0.828
case_1039,0.7635,0.8001,0.8085,0.7648,0.7483
case_1040,0.7569,0.8124,0.7999,0.7815,0.773
case_1041,0.8434,0.8523,0.8585,0.8523,0.8039
case_1042,0.797,0.7944,0.8276,0.772,0.7441
case_1043,0.8823,0.8658,0.9006,0.8497,0.8806
case_1044,0.7432,0.7402,0.7783,0.7407,0.7778
case_1045,0.7505,0.7181,0.7071,0.7125,0.7041
case_1046,0.7808,0.7453,0.7945,0.7495,0.7615
case_1047,0.783,0.7734,0.7696,0.7475,0.7601
case_1048,0.6495,0.672,0.6659,0.6282,0.6283
case_1049,0.7735,0.7991,0.8623,0.7805,0.8208
case_1050,0.7957,0.7847,0.7788,0.7929,0.771
case_1051,0.7913,0.797,0.7715,0.8085,0.7855
case_1052,0.6611,0.6779,0.6998,0.6767,0.6869
case_1053,0.8092,0.8362,0.8586,0.8394,0.8543
case_1054,0.8485,0.854,0.9,0.8698,0.865
case_1055,0.8028,0.7825,0.7917,0.7785,0.7646
case_1056,0.7276,0.7475,0.7408,0.7532,0.6902
case_1057,0.86,0.8304,0.8708,0.912,0.8754
case_1058,0.8024,0.7545,0.8143,0.7552,0.7726
case_1059,0.7743,0.7956,0.7765,0.7965,0.8184
case_1060,0.8339,0.7965,0.8103,0.7914,0.8256
case_1061,0.8277,0.7628,0.8348,0.7601,0.7925
case_1062,0.8889,0.8843,0.8887,0.8434,0.8514
case_1063,0.7116,0.753,0.7568,0.7199,0.6893
case_1064,0.7175,0.7665,0.7607,0.7629,0.7523
case_1065,0.8565,0.8487,0.8598,0.7924,0.8103
case_1066,0.7744,0.7933,0.8108,0.7948,0.7926
case_1067,0.7662,0.7969,0.8312,0.774,0.7463
case_1068,0.8228,0.7603,0.8072,0.8017,0.7802
case_1069,0.7278,0.7612,0.7947,0.7368,0.761
case_1070,0.7943,0.8137,0.8149,0.83,0.8148
case_1071,0.8345,0.8283,0.8482,0.8324,0.8075
case_1072,0.8491,0.8009,0.8091,0.8132,0.784
case_1073,0.78,0.8321,0.8393,0.8034,0.8517
case_1074,0.7712,0.7365,0.7927,0.786,0.748
case_1075,0.8269,0.8349,0.8449,0.8491,0.8504
case_1076,0.8198,0.7765,0.8405,0.8395,0.8013
case_1077,0.812,0.8113,0.8191,0.806,0.841
case_1078,0.7646,0.7739,0.8334,0.7879,0.781
case_1079,0.8309,0.8287,0.838,0.8307,0.8417
case_1080,0.8277,0.808,0.8588,0.7819,0.8563
case_1081,0.7133,0.7389,0.72,0.7163,0.7677
case_1082,0.7727,0.7473,0.776,0.7448,0.7728
case_1083,0.8084,0.788,0.8001,0.8325,0.8295
case_1084,0.7109,0.7014,0.7613,0.7193,0.7178
case_1085,0.8564,0.8231,0.8767,0.8189,0.8275
case_1086,0.8222,0.7851,0.854,0.7932,0.793
case_1087,0.803,0.7867,0.8411,0.819,0.7938
case_1088,0.7893,0.8184,0.846,0.757,0.8022
case_1089,0.8865,0.8856,0.9007,0.8805,0.905
case_1090,0.8167,0.7921,0.8488,0.8675,0.8399
case_1091,0.808,0.8311,0.8156,0.7994,0.8235
case_1092,0.6886,0.7375,0.7475,0.7292,0.7282
case_1093,0.7443,0.747,0.7591,0.7502,0.7545
case_1094,0.7267,0.7676,0.7677,0.7759,0.7547
case_1095,0.8394,0.8091,0.8574,0.8472,0.8449
case_1096,0.8713,0.875,0.8236,0.8237,0.842
case_1097,0.7966,0.826,0.8155,0.8106,0.8249
case_1098,0.7583,0.7881,0.7658,0.7418,0.7862
case_1099,0.8399,0.8638,0.859,0.8235,0.833
case_1100,0.8197,0.8403,0.8678,0.8389,0.8335
case_1101,0.8221,0.8324,0.819,0.7981,0.8102
case_1102,0.756,0.7413,0.761,0.7436,0.7513
case_1103,0.8573,0.8382,0.8535,0.835,0.8684
case_1104,0.761,0.7635,0.7895,0.7762,0.7612
case_1105,0.7873,0.8031,0.7784,0.7746,0.8088
case_1106,0.814,0.8253,0.8472,0.7816,0.8015
case_1107,0.7378,0.7064,0.7677,0.7013,0.7486
case_1108,0.7998,0.7803,0.8232,0.7728,0.8087
case_1109,0.8197,0.7857,0.8277,0.7925,0.8201
case_1110,0.8645,0.8585,0.8488,0.8662,0.8366
case_1111,0.8428,0.8364,0.8787,0.8352,0.8372
case_1112,0.7246,0.7851,0.7222,0.7741,0.7456
case_1113,0.7703,0.7784,0.8117,0.7953,0.7803
case_1114,0.8347,0.8531,0.8791,0.8761,0.8669
case_1115,0.8436,0.8303,0.8234,0.8006,0.8191
case_1116,0.7419,0.7792,0.7586,0.767,0.7445
case_1117,0.8842,0.8967,0.8843,0.8698,0.8899
case_1118,0.8316,0.8347,0.858,0.8745,0.8328
case_1119,0.8335,0.8119,0.864,0.8357,0.8056
case_1120,0.8,0.7446,0.8204,0.8104,0.8096
case_1121,0.8177,0.8636,0.9046,0.8868,0.8955
case_1122,0.8303,0.8666,0.8605,0.8363,0.9021
case_1123,0.8211,0.827,0.8205,0.8166,0.8225
case_1124,0.8011,0.779,0.8025,0.7742,0.7443
case_1125,0.7305,0.8007,0.8336,0.7583,0.745
case_1126,0.8263,0.7884,0.8527,0.8037,0.8092
case_1127,0.9285,0.9133,0.9445,0.9346,0.9341
case_1128,0.704,0.6986,0.7619,0.725,0.7312
case_1129,0.7644,0.8056,0.8337,0.8003,0.803
case_1130,0.7971,0.7673,0.8118,0.7746,0.7962
case_1131,0.8129,0.8037,0.7981,0.7985,0.7858
case_1132,0.798,0.7791,0.8359,0.8236,0.801
case_1133,0.8528,0.8587,0.8662,0.8377,0.8546
case_1134,0.7642,0.7759,0.7899,0.7756,0.7591
case_1135,0.7927,0.8228,0.8096,0.8063,0.8252
case_1136,0.8267,0.8551,0.8818,0.8798,0.8368
case_1137,0.7943,0.8415,0.8116,0.7916,0.7998
case_1138,0.8598,0.8157,0.8519,0.8133,0.824
case_1139,0.8239,0.84,0.8437,0.8325,0.8508
case_1140,0.7588,0.808,0.8071,0.7998,0.8154
case_1141,0.8276,0.8581,0.857,0.8518,0.8128
case_1142,0.7724,0.779,0.7977,0.8378,0.8246
case_1143,0.7402,0.7546,0.7813,0.758,0.7521
case_1144,0.8292,0.8032,0.8105,0.8024,0.8518
case_1145,0.82,0.8226,0.8358,0.8049,0.846
case_1146,0.7877,0.7589,0.8164,0.7528,0.7311
case_1147,0.763,0.7872,0.8001,0.7542,0.7599
case_1148,0.7894,0.7872,0.7796,0.7576,0.7605
case_1149,0.6291,0.6481,0.6674,0.6654,0.6692
case_1150,0.7073,0.7211,0.7353,0.6908,0.7455
case_1151,0.8561,0.8558,0.8466,0.8225,0.7971
case_1152,0.7648,0.7925,0.8109,0.763,0.7648
case_1153,0.7395,0.7318,0.7807,0.7596,0.7412
case_1154,0.8004,0.7876,0.8478,0.7666,0.7954
case_1155,0.9078,0.8764,0.8814,0.8522,0.9192
case_1156,0.82,0.8403,0.8667,0.8133,0.8176
case_1157,0.7815,0.8124,0.8377,0.8335,0.8143
case_1158,0.8336,0.8715,0.8641,0.8628,0.8611
case_1159,0.8401,0.8193,0.8264,0.8408,0.8142
case_1160,0.806,0.787,0.8385,0.7877,0.7923
case_1161,0.7881,0.7743,0.8185,0.7551,0.7366
case_1162,0.7802,0.7912,0.812,0.7649,0.7987
case_1163,0.7616,0.7438,0.7979,0.783,0.7847
case_1164,0.8273,0.819,0.8596,0.7711,0.8087
case_1165,0.9551,0.9589,0.9442,0.9511,0.9304
case_1166,0.8586,0.8447,0.895,0.8587,0.9023
case_1167,0.7429,0.7589,0.8175,0.7823,0.7817
case_1168,0.9735,0.96,0.9738,0.9583,0.9958
case_1169,0.7378,0.749,0.7914,0.753,0.7346
case_1170,0.7457,0.7225,0.7311,0.7321,0.7107
case_1171,0.6872,0.6932,0.6765,0.6607,0.7058
case_1172,0.7633,0.7204,0.781,0.782,0.7627
case_1173,0.8413,0.8961,0.8538,0.8998,0.8479
case_1174,0.8073,0.8183,0.7882,0.812,0.8044
case_1175,0.8724,0.8401,0.8644,0.8894,0.8777
case_1176,0.6447,0.638,0.6337,0.6317,0.6063
case_1177,0.7829,0.8451,0.851,0.8225,0.8382
case_1178,0.7288,0.7126,0.7558,0.7205,0.7344
case_1179,0.8336,0.8608,0.8697,0.7789,0.8465
case_1180,0.6663,0.7001,0.721,0.733,0.7178
case_1181,0.7243,0.6991,0.7219,0.7459,0.7179
case_1182,0.7814,0.7783,0.8056,0.7734,0.7817
case_1183,0.7986,0.8068,0.8176,0.7672,0.8087
case_1184,0.8827,0.8877,0.9281,0.9444,0.8924
case_1185,0.8577,0.9157,0.9104,0.8913,0.8413
case_1186,0.7737,0.7626,0.7975,0.7523,0.7785
case_1187,0.7286,0.6863,0.695,0.6944,0.6895
case_1188,0.8523,0.8209,0.8226,0.8096,0.8425
case_1189,0.904,0.9159,0.9055,0.9283,0.8945
case_1190,0.7121,0.7392,0.7235,0.6742,0.7142
case_1191,0.7872,0.8248,0.7798,0.7669,0.7942
case_1192,0.7359,0.7826,0.79,0.7555,0.7913
case_1193,0.7874,0.7559,0.8056,0.7663,0.7943
case_1194,0.7756,0.7807,0.7818,0.7751,0.7833
case_1195,0.8426,0.8468,0.854,0.832,0.8275
case_1196,0.7976,0.8226,0.8415,0.8192,0.8254
case_1197,0.8035,0.7742,0.8271,0.7573,0.7976
case_1198,0.7918,0.7549,0.8243,0.767,0.791
case_1199,0.8215,0.8167,0.8603,0.8593,0.8593
case_1200,0.8043,0.8156,0.8402,0.8098,0.7849
case_1201,0.7319,0.7415,0.7665,0.7804,0.7273
case_1202,0.7815,0.8117,0.8104,0.824,0.8276
case_1203,0.7964,0.7803,0.7934,0.8072,0.8072
case_1204,0.8449,0.8494,0.9021,0.864,0.8744
case_1205,0.7106,0.6998,0.7166,0.6932,0.7174
case_1206,0.7845,0.8278,0.7805,0.7892,0.8061
case_1207,0.7934,0.7687,0.8151,0.8134,0.8041
case_1208,0.802,0.7809,0.7752,0.7512,0.7852
case_1209,0.8065,0.8119,0.81,0.8226,0.7894
case_1210,0.7366,0.7291,0.7731,0.7808,0.7655
case_1211,0.77,0.74,0.7575,0.746,0.7431
case_1212,0.7563,0.7601,0.7935,0.79,0.7595
case_1213,0.7957,0.8045,0.8624,0.8258,0.8003
case_1214,0.8254,0.853,0.8571,0.8274,0.8255
case_1215,0.6964,0.7351,0.7446,0.7154,0.7013
case_1216,0.8413,0.8656,0.9032,0.8686,0.8512
case_1217,0.7294,0.7526,0.7704,0.7287,0.7767
case_1218,0.7826,0.7749,0.7492,0.7588,0.7411
case_1219,0.8488,0.852,0.8685,0.8562,0.8933
case_1220,0.8185,0.8233,0.8817,0.818,0.8341
case_1221,0.7933,0.7868,0.8211,0.7807,0.7638
case_1222,0.7711,0.8405,0.8562,0.7859,0.8355
case_1223,0.8178,0.8302,0.8566,0.8071,0.8366
case_1224,0.8026,0.7989,0.8362,0.8153,0.7761
case_1225,0.7694,0.7814,0.7906,0.7628,0.8029
case_1226,0.8612,0.8678,0.8617,0.8813,0.8346
case_1227,0.7291,0.6908,0.7124,0.724,0.7184
case_1228,0.7941,0.8455,0.8627,0.805,0.8139
case_1229,0.8423,0.8184,0.7975,0.7829,0.8001
case_1230,0.7604,0.7479,0.7031,0.7272,0.7473
case_1231,0.8069,0.8212,0.8228,0.8436,0.8074
case_1232,0.7794,0.7971,0.7935,0.7983,0.7499
case_1233,0.7937,0.8271,0.8648,0.8184,0.8274
case_1234,0.7098,0.6783,0.7486,0.6984,0.7058
case_1235,0.8117,0.7978,0.8188,0.7984,0.7929
case_1236,0.7711,0.7654,0.7818,0.7804,0.7568
case_1237,0.8723,0.8765,0.924,0.87,0.8425
case_1238,0.7128,0.7524,0.7905,0.7938,0.7868
case_1239,0.8516,0.8251,0.8522,0.8304,0.847
case_1240,0.8192,0.827,0.8411,0.8122,0.7869
case_1241,0.8729,0.8721,0.9076,0.9025,0.883
case_1242,0.7754,0.7738,0.8199,0.7351,0.8072
case_1243,0.8752,0.8856,0.8973,0.8665,0.8809
case_1244,0.7654,0.7969,0.7821,0.7863,0.766
case_1245,0.695,0.6857,0.7125,0.6963,0.6968
case_1246,0.8982,0.9217,0.9114,0.9309,0.8787
case_1247,0.7755,0.7902,0.7885,0.7435,0.7956
case_1248,0.789,0.7623,0.7933,0.7582,0.7742
case_1249,0.7238,0.6978,0.7374,0.7047,0.6786
case_1250,0.8447,0.8236,0.8429,0.8494,0.8323
case_1251,0.7551,0.8221,0.8315,0.8071,0.7986
case_1252,0.699,0.7116,0.7124,0.672,0.7107
case_1253,0.8262,0.8468,0.8705,0.8601,0.8563
case_1254,0.8134,0.8224,0.8504,0.8312,0.8656
case_1255,0.8596,0.8709,0.9037,0.8672,0.8805
case_1256,0.7392,0.7514,0.7773,0.6971,0.7544
case_1257,0.857,0.8439,0.8924,0.8181,0.8355
case_1258,0.7334,0.7076,0.7722,0.7664,0.7286
case_1259,0.7477,0.7195,0.7452,0.7211,0.7269
case_1260,0.8092,0.8013,0.8824,0.8446,0.8233
case_1261,0.8019,0.7879,0.8436,0.8105,0.8204
case_1262,0.8387,0.8376,0.8374,0.8086,0.8286
case_1263,0.7603,0.8152,0.8361,0.797,0.7856
case_1264,0.6953,0.7001,0.7313,0.6909,0.7249
case_1265,0.8352,0.8319,0.8395,0.7948,0.798
case_1266,0.7402,0.6855,0.7479,0.7341,0.6909
case_1267,0.8057,0.7787,0.8365,0.7869,0.8243
case_1268,0.7781,0.7652,0.7875,0.7969,0.7909
case_1269,0.8535,0.8486,0.8978,0.894,0.8679
case_1270,0.7572,0.785,0.7803,0.7493,0.7405
case_1271,0.8125,0.8025,0.7987,0.8116,0.8174
case_1272,0.8132,0.7975,0.797,0.8242,0.8037
case_1273,0.776,0.8074,0.7869,0.7631,0.7697
case_1274,0.7959,0.8008,0.8071,0.772,0.7818
case_1275,0.7861,0.7927,0.8191,0.7644,0.799
case_1276,0.789,0.7931,0.8096,0.7692,0.7828
case_1277,0.7132,0.7252,0.7411,0.704,0.7397
case_1278,0.7705,0.7396,0.7664,0.7277,0.7459
case_1279,0.884,0.8975,0.9223,0.9018,0.9174
case_1280,0.7828,0.7747,0.7792,0.7966,0.7875
case_1281,0.8742,0.8805,0.9116,0.8821,0.9068
case_1282,0.8725,0.9131,0.9115,0.9091,0.8892
case_1283,0.7556,0.7774,0.7914,0.7757,0.7992
case_1284,0.7067,0.7411,0.771,0.7411,0.7697
case_1285,0.7454,0.7805,0.813,0.7804,0.7706
case_1286,0.767,0.7747,0.7821,0.7682,0.7506
case_1287,0.795,0.8326,0.8926,0.8136,0.8122
case_1288,0.71,0.7317,0.7196,0.7109,0.7303
case_1289,0.8658,0.8631,0.8999,0.8597,0.8675
case_1290,0.7195,0.6676,0.7278,0.6996,0.6804
case_1291,0.8081,0.8298,0.8533,0.8222,0.8382
case_1292,0.7113,0.7471,0.7728,0.7419,0.7841
case_1293,0.7776,0.7635,0.8153,0.7753,0.7632
case_1294,0.8124,0.7976,0.837,0.8226,0.8
case_1295,0.8666,0.8453,0.8814,0.8722,0.8547
case_1296,0.8842,0.8919,0.8932,0.8932,0.8769
case_1297,0.8513,0.8305,0.8319,0.8174,0.8164
case_1298,0.7412,0.7684,0.8274,0.7533,0.7535
case_1299,0.8469,0.8695,0.8492,0.8627,0.8483
case_1300,0.7023,0.7328,0.7262,0.6987,0.6915
case_1301,0.7633,0.7659,0.7726,0.7972,0.7522
case_1302,0.7573,0.8018,0.8291,0.8072,0.7601
case_1303,0.8546,0.8985,0.8749,0.8542,0.8236
case_1304,0.8492,0.8526,0.8754,0.8517,0.8634
case_1305,0.7335,0.7159,0.7295,0.7352,0.7361
case_1306,0.8422,0.8539,0.8334,0.8215,0.8073
case_1307,0.8459,0.815,0.9197,0.8405,0.862
case_1308,0.8582,0.8536,0.9019,0.8671,0.8748
case_1309,0.7903,0.7981,0.8183,0.8145,0.8173
case_1310,0.7935,0.757,0.7702,0.7784,0.7855
case_1311,0.7049,0.7157,0.7571,0.7284,0.7614
case_1312,0.7112,0.7558,0.7706,0.7242,0.7722
case_1313,0.7927,0.7764,0.8004,0.7829,0.8159
case_1314,0.8596,0.8291,0.9019,0.8729,0.8622
case_1315,0.8532,0.9185,0.9016,0.8595,0.8803
case_1316,0.8139,0.8067,0.8133,0.8378,0.8031
case_1317,0.7961,0.7887,0.8195,0.75,0.776
case_1318,0.8572,0.8858,0.8909,0.855,0.8326
case_1319,0.8337,0.8609,0.8778,0.8651,0.8643
case_1320,0.7331,0.7726,0.7704,0.7573,0.7482
case_1321,0.8196,0.8306,0.8419,0.7974,0.794
case_1322,0.8338,0.8106,0.8423,0.8367,0.8436
case_1323,0.8465,0.8432,0.8722,0.8198,0.8174
case_1324,0.8371,0.8464,0.8781,0.8543,0.8429
case_1325,0.8,0.8074,0.8058,0.7943,0.8341
case_1326,0.7698,0.827,0.8259,0.7644,0.8032
case_1327,0.8228,0.8478,0.8512,0.8276,0.835
case_1328,0.747,0.7202,0.7722,0.7306,0.7357
case_1329,0.7268,0.7126,0.7532,0.7038,0.7009
case_1330,0.791,0.7808,0.7555,0.756,0.7603
case_1331,0.765,0.7486,0.7821,0.7454,0.7504
case_1332,0.8499,0.8195,0.8465,0.8282,0.8454
case_1333,0.7746,0.8169,0.851,0.8013,0.8143
case_1334,0.7947,0.7694,0.8169,0.7754,0.7845
case_1335,0.766,0.7543,0.7851,0.7908,0.7645
case_1336,0.7585,0.7679,0.7289,0.7447,0.7683
case_1337,0.8984,0.8855,0.9169,0.8991,0.9248
case_1338,0.7509,0.7862,0.7782,0.7822,0.7729
case_1339,0.8115,0.8338,0.8153,0.8409,0.8129
case_1340,0.6949,0.7312,0.7426,0.6908,0.7246
case_1341,0.8354,0.809,0.8454,0.7691,0.819
case_1342,0.9005,0.8906,0.926,0.9084,0.9207
case_1343,0.8488,0.8094,0.8832,0.8278,0.8154
case_1344,0.83,0.7883,0.8059,0.8122,0.786
case_1345,0.8788,0.9072,0.8896,0.8809,0.8784
case_1346,0.6532,0.6776,0.6855,0.696,0.6911
case_1347,0.7964,0.7853,0.8105,0.7686,0.8102
case_1348,0.9476,0.9191,0.9455,0.9217,0.924
case_1349,0.9071,0.8639,0.9199,0.8875,0.9113
case_1350,0.7723,0.7572,0.7804,0.7477,0.7755
case_1351,0.7177,0.7122,0.7731,0.7364,0.7587
case_1352,0.928,0.9286,0.9939,0.9642,0.9178
case_1353,0.8308,0.8162,0.8606,0.8179,0.8473
case_1354,0.863,0.8642,0.899,0.901,0.8568
case_1355,0.8362,0.7988,0.8541,0.8404,0.841
case_1356,0.8025,0.8514,0.851,0.8236,0.8068
case_1357,0.7663,0.7715,0.7745,0.7576,0.7714
case_1358,0.772,0.8061,0.7992,0.7692,0.8149
case_1359,0.8678,0.8863,0.8885,0.8301,0.8409
case_1360,0.7677,0.7838,0.8055,0.7686,0.8037
case_1361,0.8726,0.8166,0.8648,0.8586,0.8338
case_1362,0.91,0.9512,0.9565,0.9023,0.9373
case_1363,0.8548,0.8592,0.8578,0.83,0.8294
case_1364,0.885,0.9116,0.943,0.9503,0.9061
case_1365,0.7857,0.7827,0.8231,0.8293,0.793
case_1366,0.8023,0.8245,0.8003,0.764,0.7835
case_1367,0.7546,0.7558,0.7724,0.7516,0.7624
case_1368,0.8407,0.8183,0.8999,0.8343,0.8223
case_1369,0.8683,0.8798,0.914,0.86,0.896
case_1370,0.7826,0.8122,0.8198,0.7878,0.8053
case_1371,0.9515,0.9521,0.9681,0.9391,0.9665
case_1372,0.7953,0.8396,0.8638,0.8604,0.8564
case_1373,0.7156,0.7488,0.7287,0.7447,0.7407
case_1374,0.7355,0.7424,0.7597,0.7698,0.7102
case_1375,0.7931,0.7897,0.8005,0.7943,0.808
case_1376,0.8742,0.8426,0.8547,0.8633,0.8686
case_1377,0.7548,0.7747,0.7865,0.7748,0.7969
case_1378,0.674,0.7194,0.7062,0.695,0.6583
case_1379,0.7638,0.7264,0.7285,0.7289,0.7535
case_1380,0.808,0.8241,0.7971,0.7992,0.793
case_1381,0.7207,0.7516,0.7627,0.7213,0.7485
case_1382,0.7729,0.7611,0.7847,0.7877,0.7715
case_1383,0.7681,0.7458,0.7607,0.732,0.7924
case_1384,0.8321,0.8384,0.8596,0.8554,0.8276
case_1385,0.7756,0.7582,0.7441,0.7475,0.7643
case_1386,0.8771,0.891,0.8953,0.8708,0.897
case_1387,0.7453,0.7462,0.7374,0.6985,0.7429
case_1388,0.829,0.8168,0.8582,0.8356,0.8121
case_1389,0.8268,0.8601,0.8568,0.861,0.8534
case_1390,0.7487,0.7884,0.8308,0.7551,0.7745
case_1391,0.7759,0.7945,0.8301,0.8028,0.8164
case_1392,0.8688,0.8527,0.8931,0.8422,0.8656
case_1393,0.7705,0.7912,0.8033,0.7717,0.7843
case_1394,0.8076,0.7939,0.7975,0.8038,0.8176
case_1395,0.8187,0.8709,0.8717,0.855,0.8553
case_1396,0.8671,0.8629,0.9017,0.8636,0.8335
case_1397,0.7447,0.7353,0.7829,0.7588,0.7406
case_1398,0.8013,0.8385,0.8617,0.82,0.8441
case_1399,0.7796,0.7921,0.8238,0.7895,0.7581
case_1400,0.764,0.7864,0.8209,0.7767,0.8162
case_1401,0.8882,0.8726,0.9107,0.866,0.9002
case_1402,0.826,0.8612,0.8583,0.8706,0.8875
case_1403,0.8556,0.8666,0.8955,0.8875,0.8534
case_1404,0.7758,0.7835,0.809,0.7838,0.8238
case_1405,0.8648,0.8441,0.8914,0.8527,0.8857
case_1406,0.7415,0.7417,0.7612,0.7612,0.7615
case_1407,0.8487,0.8142,0.841,0.8309,0.8297
case_1408,0.9376,0.9433,0.9189,0.8488,0.8901
case_1409,0.8364,0.8452,0.8588,0.8582,0.8339
case_1410,0.7895,0.8033,0.8208,0.8085,0.792
case_1411,0.7731,0.7996,0.7863,0.8005,0.7677
case_1412,0.7922,0.7863,0.8165,0.8103,0.8267
case_1413,0.8436,0.8197,0.817,0.8494,0.8258
case_1414,0.7818,0.7788,0.8314,0.7872,0.7781
case_1415,0.7128,0.7526,0.7512,0.7329,0.7445
case_1416,0.8829,0.842,0.8543,0.8178,0.8285
case_1417,0.7724,0.8037,0.7917,0.8158,0.7959
case_1418,0.8259,0.8607,0.8738,0.8611,0.8625
case_1419,0.7774,0.7935,0.8129,0.7843,0.7904
case_1420,0.7957,0.8139,0.8664,0.8055,0.8191
case_1421,0.8906,0.8727,0.9032,0.8991,0.9062
case_1422,0.8645,0.8711,0.9109,0.896,0.9079
case_1423,0.761,0.7759,0.7987,0.7498,0.7773
case_1424,0.8209,0.8406,0.8641,0.8224,0.8481
case_1425,0.8583,0.8244,0.8523,0.8032,0.8336
case_1426,0.8559,0.8623,0.8804,0.864,0.8809
case_1427,0.7906,0.8047,0.8091,0.7734,0.8151
case_1428,0.8388,0.8695,0.8636,0.8382,0.8913
case_1429,0.7832,0.8144,0.8206,0.8162,0.7831
case_1430,0.7901,0.7864,0.7965,0.7696,0.7878
case_1431,0.6983,0.7361,0.725,0.7157,0.6735
case_1432,0.7777,0.7512,0.7838,0.7926,0.7827
case_1433,0.81,0.7751,0.8221,0.8001,0.7938
case_1434,0.7288,0.6771,0.7462,0.7156,0.7325
case_1435,0.7972,0.7988,0.8447,0.7841,0.8182
case_1436,0.8139,0.8675,0.8774,0.8301,0.8411
case_1437,0.7444,0.736,0.765,0.7662,0.7329
case_1438,0.7647,0.7671,0.8139,0.8099,0.7908
case_1439,0.8935,0.8905,0.8998,0.9072,0.9152
case_1440,0.8146,0.8415,0.8452,0.7974,0.8257
case_1441,0.805,0.7654,0.8284,0.7692,0.7781
case_1442,0.6891,0.6879,0.707,0.6916,0.7457
case_1443,0.6481,0.7015,0.7071,0.7011,0.6917
case_1444,0.766,0.7605,0.8041,0.7512,0.7895
case_1445,0.7871,0.7925,0.8013,0.7991,0.7675
case_1446,0.6982,0.7337,0.7554,0.6893,0.7026
case_1447,0.86,0.8926,0.9175,0.884,0.8975
case_1448,0.8153,0.8215,0.8518,0.8416,0.8302
case_1449,0.8363,0.8094,0.8611,0.8263,0.8147
case_1450,0.7947,0.7732,0.8112,0.7695,0.8095
case_1451,0.8522,0.8939,0.9027,0.8298,0.8875
case_1452,0.8395,0.829,0.8625,0.8496,0.8701
case_1453,0.8654,0.8895,0.8542,0.8852,0.8759
case_1454,0.737,0.7493,0.794,0.7465,0.7567
case_1455,0.806,0.789,0.8179,0.8244,0.8198
case_1456,0.8406,0.8539,0.8729,0.8435,0.8562
case_1457,0.799,0.773,0.8273,0.793,0.7757
case_1458,0.8338,0.8179,0.8612,0.8275,0.8388
case_1459,0.8375,0.8228,0.8602,0.7922,0.8446
case_1460,0.8705,0.8662,0.9146,0.8813,0.8709
case_1461,0.7679,0.7677,0.7932,0.7562,0.7258
case_1462,0.6903,0.702,0.7269,0.6976,0.7213
case_1463,0.8215,0.8097,0.8499,0.8394,0.8211
case_1464,0.8041,0.8173,0.7959,0.8047,0.7657
case_1465,0.9221,0.9581,0.9383,0.8955,0.9127
case_1466,0.7463,0.7355,0.7828,0.7648,0.7671
case_1467,0.8226,0.8517,0.8557,0.8254,0.8348
case_1468,0.8713,0.8824,0.9114,0.8726,0.8805
case_1469,0.7107,0.7262,0.7351,0.7007,0.7107
case_1470,0.7702,0.744,0.7659,0.7671,0.7857
case_1471,0.79,0.8176,0.8553,0.7875,0.8231
case_1472,0.8046,0.8155,0.8251,0.8178,0.8338
case_1473,0.8465,0.8783,0.891,0.8499,0.8737
case_1474,0.8126,0.8367,0.849,0.8116,0.8342
case_1475,0.7416,0.7631,0.8073,0.7983,0.771
case_1476,0.7296,0.7359,0.7446,0.7578,0.7614
case_1477,0.875,0.8275,0.8558,0.8325,0.8631
case_1478,0.8524,0.8778,0.9077,0.8729,0.8728
case_1479,0.7151,0.7146,0.7773,0.6947,0.7389
case_1480,0.7529,0.7685,0.7852,0.7865,0.7796
case_1481,0.774,0.7824,0.8028,0.7742,0.7487
case_1482,0.8404,0.8351,0.8659,0.8075,0.8313
case_1483,0.7215,0.7309,0.763,0.7472,0.6956
case_1484,0.7413,0.7122,0.7019,0.7436,0.7555
case_1485,0.8585,0.8841,0.8944,0.9001,0.8774
case_1486,0.7798,0.757,0.8254,0.7587,0.7429
case_1487,0.8427,0.8375,0.8306,0.8135,0.8283
case_1488,0.9107,0.8932,0.9718,0.9402,0.8948
case_1489,0.7365,0.7575,0.7473,0.7213,0.7479
case_1490,0.7606,0.7882,0.775,0.7558,0.7659
case_1491,0.7318,0.7336,0.7697,0.7138,0.7154
case_1492,0.7678,0.7797,0.7827,0.7885,0.7979
case_1493,0.7781,0.7779,0.8165,0.7768,0.7508
case_1494,0.7164,0.7034,0.7122,0.7071,0.6643
case_1495,0.8019,0.7744,0.8559,0.7778,0.8022
case_1496,0.7506,0.7809,0.7866,0.7588,0.7732
case_1497,0.7222,0.7287,0.7429,0.7281,0.7377
case_1498,0.8467,0.8667,0.8401,0.8275,0.8446
case_1499,0.7427,0.7603,0.7906,0.7321,0.7438
case_1500,0.6948,0.7529,0.7652,0.7449,0.7336
case_1501,0.8368,0.8387,0.8397,0.8145,0.8514
case_1502,0.7924,0.7919,0.8631,0.828,0.8024
case_1503,0.8518,0.8456,0.8986,0.8326,0.8706
case_1504,0.8456,0.8367,0.8575,0.8064,0.8331
case_1505,0.7325,0.7438,0.723,0.7242,0.73
case_1506,0.7527,0.7129,0.7635,0.718,0.7378
case_1507,0.7708,0.7703,0.7163,0.7279,0.7346
case_1508,0.8205,0.8155,0.8605,0.8649,0.8133
case_1509,0.7857,0.7642,0.8088,0.8097,0.8018
case_1510,0.8856,0.8883,0.8885,0.8881,0.916
case_1511,0.7685,0.7721,0.7853,0.7815,0.7872
case_1512,0.9115,0.9294,0.9187,0.9361,0.9464
case_1513,0.8065,0.7662,0.7818,0.7716,0.7997
case_1514,0.7511,0.7396,0.8001,0.7839,0.7698
case_1515,0.8851,0.8765,0.9073,0.8712,0.8836
case_1516,0.8573,0.8611,0.8942,0.8536,0.8552
case_1517,0.892,0.8636,0.8791,0.8969,0.857
case_1518,0.7407,0.7494,0.7917,0.7517,0.7656
case_1519,0.7338,0.7418,0.7507,0.7349,0.7384
case_1520,0.8615,0.8357,0.8705,0.8471,0.8654
case_1521,0.6524,0.6821,0.7093,0.6619,0.646
case_1522,0.8254,0.8285,0.8697,0.8635,0.8261
case_1523,0.6121,0.5984,0.6492,0.6595,0.6332
case_1524,0.8341,0.7977,0.8319,0.8137,0.8299
case_1525,0.7638,0.8087,0.8458,0.7895,0.8215
case_1526,0.8327,0.757,0.8236,0.7947,0.8071
case_1527,0.7851,0.7787,0.83,0.8149,0.7828
case_1528,0.7971,0.7977,0.7919,0.777,0.772
case_1529,0.8293,0.7935,0.8254,0.7959,0.815
case_1530,0.7971,0.8163,0.7996,0.8124,0.8014
case_1531,0.8329,0.7705,0.8696,0.7882,0.8389
case_1532,0.8008,0.8398,0.8224,0.8193,0.7882
case_1533,0.82,0.871,0.8579,0.83,0.8255
case_1534,0.8213,0.8434,0.8624,0.8121,0.8424
case_1535,0.6911,0.6556,0.7023,0.6519,0.6775
case_1536,0.8204,0.8503,0.8621,0.8089,0.8377
case_1537,0.8221,0.8048,0.8302,0.7914,0.8169
case_1538,0.8414,0.7914,0.8386,0.792,0.7984
case_1539,0.8165,0.8021,0.8645,0.8371,0.83
case_1540,0.9035,0.8966,0.9611,0.9221,0.9216
case_1541,0.6762,0.7001,0.7423,0.7344,0.7235
case_1542,0.7563,0.7582,0.7516,0.7277,0.7576
case_1543,0.7053,0.7085,0.7355,0.729,0.7171
case_1544,0.8454,0.8408,0.8809,0.8395,0.8592
case_1545,0.8324,0.8527,0.8685,0.8392,0.8581
case_1546,0.8032,0.8653,0.8759,0.8609,0.86
case_1547,0.775,0.7729,0.8161,0.8088,0.7789
case_1548,0.8308,0.8115,0.7726,0.8072,0.7786
case_1549,0.7921,0.7668,0.8168,0.822,0.7772
case_1550,0.8659,0.8726,0.857,0.8837,0.8836
case_1551,0.8204,0.8175,0.845,0.8062,0.7849
case_1552,0.7627,0.7861,0.8025,0.7946,0.7983
case_1553,0.7653,0.7201,0.7549,0.719,0.7172
case_1554,0.8152,0.8399,0.8765,0.8026,0.8454
case_1555,0.7459,0.7606,0.7744,0.7558,0.7682
case_1556,0.8251,0.8036,0.8266,0.8146,0.8299
case_1557,0.7872,0.8411,0.8816,0.8149,0.8547
case_1558,0.8795,0.8555,0.9485,0.8549,0.8868
case_1559,0.7432,0.773,0.7612,0.779,0.7409
case_1560,0.7019,0.7188,0.7591,0.6919,0.715
case_1561,0.6629,0.6779,0.717,0.7008,0.6482
case_1562,0.7072,0.7283,0.7537,0.7015,0.6859
case_1563,0.8762,0.8408,0.8718,0.8304,0.8452
case_1564,0.7332,0.7545,0.7643,0.7369,0.764
case_1565,0.746,0.7304,0.7946,0.7323,0.7761
case_1566,0.7595,0.7807,0.7584,0.762,0.7259
case_1567,0.8435,0.8151,0.8484,0.7929,0.7875
case_1568,0.8572,0.886,0.9387,0.9085,0.9075
case_1569,0.8116,0.8394,0.8492,0.8044,0.8153
case_1570,0.8015,0.8083,0.8306,0.7766,0.824
case_1571,0.7479,0.7323,0.7556,0.7396,0.7223
case_1572,0.7952,0.7708,0.8217,0.7883,0.7745
case_1573,0.7713,0.8149,0.8295,0.7803,0.7827
case_1574,0.7977,0.8261,0.8747,0.8486,0.8414
case_1575,0.9767,0.9396,0.955,0.9463,0.9565
case_1576,0.8302,0.8089,0.8376,0.8219,0.8717
case_1577,0.7371,0.7362,0.7339,0.7081,0.7063
case_1578,0.7748,0.7622,0.8475,0.7679,0.7995
case_1579,0.8057,0.7823,0.8093,0.7709,0.8081
case_1580,0.7383,0.7576,0.7872,0.733,0.7628
case_1581,0.7957,0.8226,0.8337,0.8298,0.8368
case_1582,0.8101,0.8165,0.8473,0.8237,0.845
case_1583,0.6774,0.6895,0.6978,0.7158,0.6838
case_1584,0.7935,0.7937,0.8111,0.8252,0.8112
case_1585,0.8092,0.7717,0.858,0.7799,0.8434
case_1586,0.8577,0.8616,0.897,0.8357,0.8607
case_1587,0.8858,0.9508,0.9084,0.8942,0.9328
case_1588,0.8031,0.8091,0.8296,0.7962,0.8292
case_1589,0.8204,0.8203,0.8073,0.8126,0.7979
case_1590,0.8276,0.8164,0.8469,0.8299,0.8149
case_1591,0.8002,0.7892,0.8058,0.8066,0.8076
case_1592,0.7809,0.7915,0.8105,0.8022,0.7875
case_1593,0.7697,0.7541,0.7853,0.7369,0.7675
case_1594,0.7679,0.7296,0.7677,0.7515,0.7331
case_1595,0.8625,0.8562,0.9115,0.8921,0.8892
case_1596,0.8126,0.8497,0.8479,0.8034,0.8202
case_1597,0.8432,0.8448,0.8722,0.83,0.7955
case_1598,0.6968,0.7079,0.7153,0.7203,0.7128
case_1599,0.8302,0.8231,0.8401,0.8174,0.8299
case_1600,0.8743,0.8506,0.9072,0.8663,0.87
case_1601,0.6946,0.7048,0.7676,0.7075,0.7502
case_1602,0.8324,0.8251,0.8733,0.7803,0.8234
case_1603,0.8329,0.8263,0.8574,0.8029,0.8313
case_1604,0.7488,0.7542,0.7804,0.7719,0.7494
case_1605,0.7398,0.7351,0.77,0.7259,0.73
case_1606,0.8149,0.8107,0.8257,0.8246,0.7813
case_1607,0.8622,0.8896,0.8611,0.8462,0.8736
case_1608,0.7626,0.8166,0.7996,0.8045,0.7961
case_1609,0.7916,0.8061,0.8036,0.7733,0.817
case_1610,0.7516,0.7608,0.7694,0.7262,0.742
case_1611,0.7426,0.745,0.7719,0.7714,0.7545
case_1612,0.7412,0.7554,0.7646,0.7331,0.7527
case_1613,0.8235,0.8628,0.8843,0.8591,0.8614
case_1614,0.867,0.8541,0.8982,0.8579,0.8438
case_1615,0.8959,0.9054,0.9171,0.9152,0.8935
case_1616,0.7611,0.7588,0.8137,0.7358,0.7697
case_1617,0.8007,0.7774,0.8203,0.7674,0.7956
case_1618,0.781,0.7833,0.7952,0.7963,0.8022
case_1619,0.7317,0.7381,0.7479,0.7433,0.7527
case_1620,0.7829,0.7725,0.8436,0.8068,0.8156
case_1621,0.7949,0.7723,0.7708,0.7752,0.8045
case_1622,0.7125,0.7494,0.7208,0.7208,0.7233
case_1623,0.8003,0.8061,0.8175,0.815,0.7815
case_1624,0.8606,0.8523,0.8446,0.8567,0.8692
case_1625,0.812,0.8629,0.8638,0.8572,0.8418
case_1626,0.8258,0.8078,0.789,0.7998,0.8356
case_1627,0.8442,0.8647,0.8472,0.8281,0.8254
case_1628,0.8637,0.8378,0.9159,0.8731,0.8515
case_1629,0.8001,0.8225,0.7844,0.7731,0.7998
case_1630,0.8971,0.869,0.879,0.8588,0.8779
case_1631,0.8007,0.7849,0.7853,0.7728,0.7996
case_1632,0.8823,0.8808,0.9349,0.8981,0.9104
case_1633,0.899,0.9535,0.9666,0.9645,0.957
case_1634,0.7733,0.732,0.7664,0.7379,0.7518
case_1635,0.7584,0.7535,0.787,0.7603,0.7745
case_1636,0.7212,0.718,0.724,0.7439,0.7452
case_1637,0.8568,0.8672,0.9271,0.8503,0.9114
case_1638,0.7056,0.7386,0.763,0.7451,0.7527
case_1639,0.7715,0.8301,0.8335,0.8423,0.8201
case_1640,0.8599,0.8516,0.8683,0.8483,0.8664
case_1641,0.7417,0.7776,0.7715,0.7554,0.783
case_1642,0.8004,0.8548,0.8809,0.8368,0.8313
case_1643,0.7836,0.7801,0.8265,0.7563,0.7783
case_1644,0.6716,0.6974,0.7342,0.7177,0.6998
case_1645,0.8149,0.8061,0.816,0.792,0.7592
case_1646,0.7224,0.7309,0.7284,0.696,0.7412
case_1647,0.8376,0.8174,0.8338,0.8004,0.8041
case_1648,0.7461,0.7703,0.7989,0.7223,0.7427
case_1649,0.7373,0.7402,0.7892,0.728,0.773
case_1650,0.7426,0.7928,0.8055,0.7836,0.7831
case_1651,0.8026,0.8247,0.8476,0.8076,0.8297
case_1652,0.7444,0.7299,0.8011,0.7543,0.7563
case_1653,0.7998,0.7856,0.8288,0.767,0.7941
case_1654,0.8267,0.8219,0.8168,0.8075,0.835
case_1655,0.7894,0.8005,0.8139,0.7828,0.7848
case_1656,0.7967,0.7936,0.8316,0.8044,0.8136
case_1657,0.8099,0.7953,0.8185,0.8025,0.8041
case_1658,0.7311,0.7738,0.7823,0.7537,0.7677
case_1659,0.8021,0.7512,0.7712,0.7839,0.767
case_1660,0.796,0.7998,0.7952,0.787,0.7819
case_1661,0.8462,0.8593,0.8781,0.8573,0.896
case_1662,0.7477,0.7811,0.7825,0.7399,0.7748
case_1663,0.8072,0.7873,0.8092,0.8065,0.8284
case_1664,0.8802,0.8438,0.8668,0.8471,0.8273
case_1665,0.7661,0.7835,0.8475,0.7943,0.8235
case_1666,0.8,0.76,0.7915,0.7611,0.7912
case_1667,0.7729,0.7832,0.7543,0.7568,0.7815
case_1668,0.7264,0.7082,0.7335,0.7115,0.7609
case_1669,0.8272,0.8909,0.8973,0.8812,0.8859
case_1670,0.7961,0.7619,0.8361,0.7788,0.7885
case_1671,0.8164,0.8135,0.8644,0.8291,0.8065
case_1672,0.8844,0.8551,0.9189,0.839,0.8599
case_1673,0.8082,0.8267,0.8433,0.8354,0.8167
case_1674,0.7941,0.765,0.8171,0.7777,0.7834
case_1675,0.8518,0.8619,0.8849,0.86,0.8387
case_1676,0.7731,0.7797,0.8226,0.7679,0.8085
case_1677,0.6924,0.7104,0.7644,0.7316,0.7455
case_1678,0.7049,0.7091,0.7367,0.7278,0.72
case_1679,0.934,0.8852,0.9175,0.9601,0.9243
case_1680,0.8461,0.7678,0.8524,0.7894,0.7891
case_1681,0.7571,0.8043,0.7761,0.7351,0.7747
case_1682,0.8899,0.8405,0.8873,0.8324,0.8563
case_1683,0.865,0.8397,0.8592,0.8609,0.8507
case_1684,0.8419,0.7846,0.8472,0.8217,0.8166
case_1685,0.7864,0.8119,0.8041,0.7735,0.8006
case_1686,0.7919,0.7614,0.7708,0.7378,0.7635
case_1687,0.7448,0.7692,0.7948,0.745,0.7848
case_1688,0.7742,0.7584,0.7739,0.7902,0.7206
case_1689,0.7181,0.7611,0.7628,0.7531,0.7613
case_1690,0.8576,0.8936,0.8927,0.8781,0.8769
case_1691,0.8006,0.7538,0.7673,0.7361,0.794
case_1692,0.7563,0.7748,0.8194,0.7767,0.7529
case_1693,0.8061,0.8346,0.8468,0.8127,0.8182
case_1694,0.7576,0.7705,0.7579,0.7423,0.8021
case_1695,0.811,0.7978,0.7739,0.7967,0.7944
case_1696,0.8104,0.779,0.8182,0.7602,0.7662
case_1697,0.7536,0.7303,0.7751,0.7473,0.7859
case_1698,0.785,0.7803,0.8097,0.7578,0.7783
case_1699,0.734,0.7375,0.7542,0.7301,0.6847
case_1700,0.8058,0.8247,0.8539,0.8221,0.8065
case_1701,0.7471,0.7776,0.7585,0.7298,0.7371
case_1702,0.7209,0.7421,0.773,0.7356,0.7583
case_1703,0.8596,0.8319,0.8771,0.8129,0.8286
case_1704,0.8496,0.8609,0.8668,0.8526,0.8439
case_1705,0.7927,0.7942,0.8021,0.8096,0.8022
case_1706,0.8304,0.8579,0.8949,0.8292,0.8482
case_1707,0.7001,0.7286,0.724,0.746,0.6868
case_1708,0.8354,0.8194,0.8761,0.8273,0.8345
case_1709,0.8102,0.8146,0.8273,0.8393,0.8033
case_1710,0.6919,0.6916,0.7357,0.756,0.6869
case_1711,0.8765,0.8594,0.8404,0.8496,0.8496
case_1712,0.838,0.8643,0.8791,0.8759,0.8613
case_1713,0.8076,0.8617,0.8393,0.8797,0.8729
case_1714,0.7591,0.75,0.7948,0.7461,0.7892
case_1715,0.6462,0.6242,0.6767,0.6286,0.67
case_1716,0.7669,0.8508,0.8532,0.7942,0.858
case_1717,0.8316,0.8223,0.8656,0.8297,0.8429
case_1718,0.8296,0.8578,0.883,0.8406,0.8408
case_1719,0.8076,0.8044,0.8194,0.8171,0.7795
case_1720,0.8418,0.847,0.8755,0.83,0.8967
case_1721,0.8034,0.7438,0.8072,0.8084,0.7887
case_1722,0.696,0.7305,0.7041,0.693,0.6602
case_1723,0.7944,0.8238,0.8341,0.8247,0.8004
case_1724,0.808,0.8162,0.8491,0.8368,0.7989
case_1725,0.7978,0.8089,0.8512,0.801,0.809
case_1726,0.7685,0.8086,0.7753,0.7684,0.8452
case_1727,0.8819,0.9054,0.8856,0.8836,0.8752
case_1728,0.7622,0.7854,0.7808,0.7751,0.7801
case_1729,0.7659,0.7439,0.8108,0.7843,0.7652
case_1730,0.7965,0.8365,0.8605,0.7996,0.7928
case_1731,0.7838,0.7425,0.7944,0.7895,0.7564
case_1732,0.7004,0.6698,0.6832,0.729,0.7091
case_1733,0.7464,0.7451,0.7715,0.7353,0.7688
case_1734,0.775,0.7831,0.8448,0.8006,0.8153
case_1735,0.8614,0.8549,0.8552,0.8465,0.8404
case_1736,0.868,0.8922,0.9437,0.8651,0.8931
case_1737,0.8297,0.8492,0.8497,0.8417,0.8367
case_1738,0.9074,0.9293,0.916,0.8791,0.9216
case_1739,0.7611,0.7273,0.8022,0.746,0.8068
case_1740,0.7769,0.789,0.813,0.7961,0.7733
case_1741,0.8338,0.8344,0.8676,0.8628,0.8379
case_1742,0.853,0.8219,0.8614,0.8767,0.8404
case_1743,0.7574,0.7831,0.8032,0.7687,0.784
case_1744,0.9384,0.9211,0.9182,0.9148,0.9403
case_1745,0.8371,0.8287,0.8308,0.8296,0.7924
case_1746,0.8141,0.8159,0.8766,0.8182,0.8537
case_1747,0.75,0.7512,0.7217,0.7527,0.7924
case_1748,0.7912,0.8247,0.8564,0.8264,0.8411
case_1749,0.7521,0.7316,0.7275,0.7269,0.7325
case_1750,0.8503,0.8726,0.8843,0.8754,0.8496
case_1751,0.868,0.8688,0.895,0.8813,0.8769
case_1752,0.7999,0.7831,0.8303,0.7979,0.7954
case_1753,0.8399,0.8186,0.8607,0.8255,0.8217
case_1754,0.7346,0.7669,0.7386,0.7059,0.7133
case_1755,0.7342,0.7428,0.7797,0.7544,0.7272
case_1756,0.8422,0.8609,0.8438,0.8336,0.8492
case_1757,0.8259,0.807,0.8287,0.8092,0.8248
case_1758,0.8034,0.8244,0.853,0.8251,0.8231
case_1759,0.8227,0.8327,0.8732,0.8033,0.8521
case_1760,0.8297,0.9106,0.8527,0.815,0.8552
case_1761,0.8616,0.845,0.8871,0.8318,0.8634
case_1762,0.8084,0.8062,0.8321,0.8041,0.7873
case_1763,0.7406,0.7611,0.8207,0.7411,0.7725
case_1764,0.802,0.7947,0.8151,0.7983,0.8036
case_1765,0.713,0.7203,0.7803,0.7162,0.7415
case_1766,0.7307,0.7908,0.7613,0.7209,0.7494
case_1767,0.7669,0.781,0.8044,0.7256,0.7848
case_1768,0.6033,0.612,0.6033,0.6094,0.5832
case_1769,0.7553,0.7799,0.797,0.7732,0.8133
case_1770,0.7856,0.7568,0.7824,0.7844,0.786
case_1771,0.701,0.7431,0.7459,0.7206,0.7329
case_1772,0.7788,0.7734,0.7938,0.7754,0.7639
case_1773,0.6958,0.7048,0.7592,0.7229,0.6858
case_1774,0.8506,0.8701,0.8667,0.8825,0.8623
case_1775,0.7874,0.7818,0.7858,0.7849,0.7953
case_1776,0.7644,0.7781,0.7779,0.7909,0.7987
case_1777,0.8401,0.8599,0.8486,0.8534,0.8748
case_1778,0.7836,0.7723,0.802,0.7654,0.7747
case_1779,0.7983,0.8423,0.8556,0.7991,0.8046
case_1780,0.7311,0.7345,0.7963,0.7231,0.7751
case_1781,0.7536,0.7355,0.7632,0.6866,0.721
case_1782,0.7797,0.7599,0.7906,0.7822,0.8116
case_1783,0.7668,0.7889,0.7947,0.8002,0.765
case_1784,0.7671,0.7662,0.7765,0.7888,0.7867
case_1785,0.866,0.8918,0.9344,0.8841,0.8909
case_1786,0.8118,0.852,0.8655,0.8419,0.7724
case_1787,0.7866,0.8012,0.7913,0.7898,0.8029
case_1788,0.8125,0.8049,0.8405,0.7882,0.8273
case_1789,0.7596,0.787,0.804,0.7755,0.7961
case_1790,0.8457,0.8602,0.868,0.8497,0.8732
case_1791,0.8438,0.8165,0.8727,0.85,0.8735
case_1792,0.8607,0.9092,0.8942,0.8943,0.859
case_1793,0.7702,0.7772,0.8141,0.7555,0.7421
case_1794,0.8537,0.8529,0.9222,0.8774,0.8865
case_1795,0.828,0.8542,0.8865,0.8204,0.8314
case_1796,0.7545,0.732,0.7959,0.7288,0.7341
case_1797,0.8363,0.8486,0.8688,0.8796,0.8343
case_1798,0.8801,0.8938,0.8963,0.8442,0.8653
case_1799,0.7725,0.7848,0.8421,0.7851,0.7877
case_1800,0.8693,0.8703,0.9183,0.8793,0.8711
case_1801,0.8351,0.8535,0.8922,0.8487,0.8775
case_1802,0.7633,0.8028,0.7866,0.7881,0.7715
case_1803,0.758,0.7404,0.77,0.7673,0.7592
case_1804,0.8283,0.7938,0.8575,0.8208,0.8215
case_1805,0.7863,0.8096,0.8111,0.7797,0.7471
case_1806,0.6636,0.6896,0.6886,0.69,0.7043
case_1807,0.8367,0.8133,0.8114,0.7957,0.8245
case_1808,0.8536,0.823,0.8921,0.8538,0.8925
case_1809,0.7848,0.7612,0.7359,0.7407,0.7478
case_1810,0.7981,0.8281,0.8361,0.8248,0.8305
case_1811,0.8252,0.8549,0.8392,0.8345,0.8345
case_1812,0.7352,0.738,0.7879,0.7142,0.7466
case_1813,0.8748,0.851,0.8764,0.8814,0.8799
case_1814,0.9025,0.8947,0.9407,0.8978,0.8724
case_1815,0.7315,0.7266,0.7421,0.7197,0.7696
case_1816,0.8441,0.833,0.8677,0.8519,0.8332
case_1817,0.7524,0.773,0.7558,0.7514,0.778
case_1818,0.8274,0.8749,0.877,0.835,0.8378
case_1819,0.807,0.8182,0.85,0.7969,0.8364
case_1820,0.734,0.7398,0.7449,0.7769,0.739
case_1821,0.8467,0.815,0.8769,0.8372,0.82
case_1822,0.9283,0.8961,0.9733,0.9108,0.948
case_1823,0.7168,0.8,0.8147,0.7769,0.7955
case_1824,0.8528,0.8254,0.8638,0.835,0.8358
case_1825,0.8309,0.8206,0.8658,0.8652,0.8411
case_1826,0.7632,0.8148,0.8324,0.8319,0.8095
case_1827,0.6885,0.7146,0.709,0.7066,0.7144
case_1828,0.7578,0.8034,0.7755,0.7509,0.7356
case_1829,0.8024,0.7868,0.8268,0.7899,0.7929
case_1830,0.8005,0.8413,0.8523,0.825,0.8636
case_1831,0.8085,0.8171,0.8683,0.843,0.8517
case_1832,0.9519,0.9211,0.9078,0.9264,0.9109
case_1833,0.8164,0.8521,0.822,0.8364,0.8239
case_1834,0.6953,0.7093,0.7345,0.7091,0.7387
case_1835,0.8019,0.7966,0.8055,0.8101,0.8103
case_1836,0.7847,0.7892,0.8371,0.8057,0.8321
case_1837,0.7608,0.7338,0.7779,0.7734,0.7702
case_1838,0.8237,0.8133,0.8893,0.8327,0.8479
case_1839,0.8557,0.853,0.8371,0.8437,0.8175
case_1840,0.8951,0.9312,0.9348,0.9262,0.9154
case_1841,0.8204,0.8182,0.8404,0.8603,0.8501
case_1842,0.7765,0.7223,0.7438,0.7245,0.7595
case_1843,0.669,0.7036,0.7069,0.709,0.6689
case_1844,0.8286,0.8526,0.8339,0.8463,0.8342
case_1845,0.7283,0.7047,0.7698,0.7191,0.7068
case_1846,0.8438,0.8425,0.8855,0.8642,0.8638
case_1847,0.7539,0.7354,0.7636,0.7773,0.7418
case_1848,0.906,0.9331,0.9673,0.9131,0.9419
case_1849,0.8059,0.8214,0.8266,0.8157,0.8326
case_1850,0.755,0.7407,0.7898,0.7891,0.7571
case_1851,0.6982,0.7196,0.7688,0.7696,0.7269
case_1852,0.9222,0.9084,0.9289,0.9178,0.8963
case_1853,0.8378,0.8082,0.8776,0.8409,0.8171
case_1854,0.807,0.8263,0.8247,0.7936,0.8122
case_1855,0.7765,0.8293,0.8088,0.8123,0.7859
case_1856,0.8061,0.784,0.8092,0.8002,0.7991
case_1857,0.8725,0.8707,0.9423,0.8892,0.9078
case_1858,0.7038,0.6963,0.7395,0.7223,0.6944
case_1859,0.7986,0.8313,0.8827,0.8409,0.8373
case_1860,0.8387,0.8337,0.8515,0.8595,0.846
case_1861,0.6686,0.7181,0.7134,0.6858,0.7224
case_1862,0.8739,0.8763,0.8743,0.8878,0.8504
case_1863,0.8219,0.8326,0.8823,0.8249,0.8574
case_1864,0.8296,0.8297,0.8321,0.8235,0.8449
case_1865,0.699,0.6935,0.711,0.6916,0.6938
case_1866,0.7507,0.7243,0.7889,0.7543,0.7258
case_1867,0.8004,0.8482,0.8533,0.8346,0.8053
case_1868,0.8671,0.8732,0.8735,0.8539,0.8783
case_1869,0.8938,0.8655,0.8809,0.8695,0.8509
case_1870,0.7963,0.7724,0.7659,0.7788,0.7884
case_1871,0.8631,0.8713,0.8464,0.8306,0.8577
case_1872,0.7912,0.7677,0.8172,0.7768,0.8121
case_1873,0.7689,0.7806,0.8087,0.7498,0.8135
case_1874,0.7102,0.7843,0.7942,0.7188,0.7583
case_1875,0.896,0.851,0.8731,0.8597,0.8669
case_1876,0.8098,0.8472,0.8299,0.8414,0.8028
case_1877,0.8702,0.8827,0.8796,0.8926,0.8778
case_1878,0.8181,0.8376,0.8796,0.8502,0.8429
case_1879,0.8171,0.8599,0.8715,0.8237,0.8116
case_1880,0.8923,0.8713,0.9038,0.8965,0.8487
case_1881,0.748,0.7996,0.7925,0.7689,0.7569
case_1882,0.7173,0.7197,0.7201,0.7171,0.6895
case_1883,0.7731,0.7607,0.7657,0.7979,0.7717
case_1884,0.8628,0.8081,0.8486,0.7924,0.8045
case_1885,0.8491,0.8762,0.8913,0.8803,0.848
case_1886,0.8125,0.7857,0.7735,0.7547,0.7879
case_1887,0.6393,0.6911,0.7056,0.6994,0.6603
case_1888,0.727,0.7475,0.7468,0.7531,0.7586
case_1889,0.7416,0.7741,0.75,0.7767,0.7568
case_1890,0.7788,0.7974,0.8169,0.7824,0.813
case_1891,0.8211,0.8413,0.8634,0.8083,0.8217
case_1892,0.8725,0.8834,0.8439,0.8495,0.8741
case_1893,0.7907,0.7967,0.7808,0.816,0.7896
case_1894,0.7227,0.7435,0.7376,0.7445,0.7542
case_1895,0.799,0.8272,0.8087,0.7903,0.7937
case_1896,0.8395,0.8533,0.8388,0.8199,0.8342
case_1897,0.9166,0.8899,0.9594,0.8721,0.9003
case_1898,0.7352,0.7578,0.8132,0.7715,0.7752
case_1899,0.7558,0.7746,0.776,0.7611,0.7447
case_1900,0.6798,0.7294,0.7533,0.7266,0.7446
case_1901,0.805,0.8079,0.8142,0.7735,0.8232
case_1902,0.7576,0.7498,0.7514,0.729,0.7578
case_1903,0.9296,0.9063,0.912,0.8937,0.917
case_1904,0.7539,0.7496,0.7545,0.7664,0.7539
case_1905,0.7131,0.7597,0.7877,0.7197,0.7313
case_1906,0.9014,0.9257,0.9095,0.8777,0.923
case_1907,0.7805,0.7522,0.7853,0.7703,0.7743
case_1908,0.7113,0.7099,0.7528,0.7444,0.7511
case_1909,0.8131,0.8622,0.8646,0.8362,0.8157
case_1910,0.7456,0.781,0.8127,0.8393,0.7826
case_1911,0.7702,0.7764,0.8198,0.7718,0.7781
case_1912,0.7875,0.7665,0.7922,0.7585,0.7744
case_1913,0.8313,0.8469,0.8596,0.8241,0.8312
case_1914,0.7472,0.7633,0.7643,0.777,0.7533
case_1915,0.7764,0.8029,0.8205,0.81,0.8146
case_1916,0.8251,0.8233,0.8397,0.8173,0.8384
case_1917,0.7681,0.7612,0.8068,0.7444,0.7547
case_1918,0.877,0.8338,0.8497,0.8593,0.8541
case_1919,0.7773,0.7998,0.7979,0.8068,0.8056
case_1920,0.793,0.7872,0.8275,0.7988,0.7986
case_1921,0.7647,0.8109,0.8023,0.7767,0.8123
case_1922,0.8894,0.8897,0.9039,0.8343,0.8557
case_1923,0.9143,0.9218,0.9453,0.9239,0.9575
case_1924,0.7396,0.7609,0.7766,0.7677,0.7562
case_1925,0.8485,0.8642,0.8488,0.8266,0.8246
case_1926,0.8018,0.8158,0.8419,0.7883,0.8186
case_1927,0.7982,0.8226,0.8444,0.7936,0.8418
case_1928,0.8018,0.7867,0.8238,0.7824,0.7946
case_1929,0.8902,0.9486,0.9402,0.9463,0.8871
case_1930,0.835,0.8333,0.864,0.8479,0.8281
case_1931,0.8467,0.8327,0.8303,0.8175,0.7863
case_1932,0.8014,0.8063,0.8332,0.8438,0.8266
case_1933,0.8197,0.8336,0.8235,0.838,0.7895
case_1934,0.7128,0.7385,0.7659,0.7242,0.7235
case_1935,0.794,0.7967,0.8115,0.8289,0.7654
case_1936,0.8142,0.8298,0.8662,0.857,0.8195
case_1937,0.7627,0.7395,0.816,0.7726,0.8182
case_1938,0.809,0.7938,0.8116,0.8058,0.795
case_1939,0.7426,0.7026,0.7443,0.7223,0.6975
case_1940,0.8585,0.85,0.9013,0.8453,0.8609
case_1941,0.8288,0.7984,0.8698,0.7941,0.7877
case_1942,0.8246,0.8055,0.8311,0.8292,0.8144
case_1943,0.8209,0.8295,0.8347,0.8154,0.804
case_1944,0.8825,0.8664,0.8859,0.8656,0.8811
case_1945,0.7738,0.7996,0.7877,0.7951,0.8128
case_1946,0.7032,0.7187,0.7299,0.7206,0.7222
case_1947,0.8453,0.9034,0.9097,0.8691,0.8544
case_1948,0.7051,0.6722,0.7248,0.6686,0.6937
case_1949,0.8485,0.8492,0.8815,0.8655,0.8409
case_1950,0.8547,0.8547,0.869,0.9251,0.9002
case_1951,0.8893,0.8556,0.8779,0.8772,0.8724
case_1952,0.8211,0.7547,0.8101,0.7811,0.8034
case_1953,0.8023,0.8138,0.8593,0.8469,0.8353
case_1954,0.774,0.7791,0.7912,0.7779,0.7843
case_1955,0.7869,0.8002,0.819,0.8299,0.8026
case_1956,0.749,0.7523,0.7744,0.7405,0.7814
case_1957,0.768,0.7281,0.7616,0.73,0.7753
case_1958,0.8763,0.9114,0.9268,0.9133,0.8862
case_1959,0.8206,0.844,0.8378,0.8204,0.8236
case_1960,0.8542,0.8657,0.8968,0.8662,0.8972
case_1961,0.8494,0.8661,0.8509,0.8613,0.8689
case_1962,0.8603,0.8823,0.8905,0.8677,0.8933
case_1963,0.7804,0.7698,0.7441,0.7561,0.76
case_1964,0.7532,0.7401,0.7661,0.7565,0.7758
case_1965,0.8745,0.8632,0.9115,0.8871,0.8613
case_1966,0.7518,0.7744,0.7994,0.7488,0.7716
case_1967,0.6679,0.7508,0.7653,0.7254,0.7648
case_1968,0.9277,0.9666,0.9544,0.9509,0.9185
case_1969,0.835,0.8291,0.8472,0.809,0.8479
case_1970,0.8952,0.8651,0.9075,0.8844,0.903
case_1971,0.8557,0.8255,0.8268,0.8404,0.7994
case_1972,0.8053,0.7763,0.7463,0.7318,0.7688
case_1973,0.8343,0.8325,0.8806,0.8694,0.8328
case_1974,0.8418,0.8133,0.8135,0.7712,0.8086
case_1975,0.8157,0.7968,0.861,0.8181,0.7977
case_1976,0.7532,0.7351,0.7282,0.7265,0.7693
case_1977,0.855,0.8492,0.8524,0.8486,0.8467
case_1978,0.881,0.8651,0.8785,0.8489,0.8329
case_1979,0.829,0.8422,0.8544,0.8627,0.8353
case_1980,0.9087,0.8749,0.9371,0.8973,0.9093
case_1981,0.8673,0.8262,0.8582,0.865,0.8645
case_1982,0.849,0.8478,0.8847,0.8617,0.8799
case_1983,0.7922,0.8203,0.8139,0.8126,0.7995
case_1984,0.7908,0.7759,0.813,0.7808,0.7801
case_1985,0.8412,0.8331,0.8677,0.884,0.8086
case_1986,0.7793,0.7754,0.7731,0.7843,0.7635
case_1987,0.7352,0.7158,0.7285,0.7165,0.7089
case_1988,0.8226,0.7851,0.8255,0.8073,0.779
case_1989,0.7755,0.7948,0.8343,0.7727,0.7861
case_1990,0.874,0.8221,0.8931,0.8455,0.8788
case_1991,0.8109,0.8399,0.8422,0.823,0.8305
case_1992,0.7367,0.7209,0.7107,0.7194,0.7227
case_1993,0.8844,0.902,0.926,0.8831,0.8871
case_1994,0.7864,0.7685,0.8207,0.7952,0.7662
case_1995,0.8531,0.8707,0.866,0.8473,0.8369
case_1996,0.8817,0.91,0.9145,0.9081,0.9429
case_1997,0.8255,0.8339,0.8639,0.8288,0.8362
case_1998,0.7414,0.7525,0.7563,0.7685,0.7215
case_1999,0.8024,0.7802,0.8251,0.8027,0.799
case_2000,0.8171,0.8786,0.8585,0.8744,0.8965
case_2001,0.7284,0.7305,0.7292,0.7148,0.7187
case_2002,0.7985,0.7903,0.8257,0.7683,0.7649
case_2003,0.906,0.8872,0.8834,0.8955,0.866
case_2004,0.7218,0.7494,0.7642,0.723,0.7301
case_2005,0.8102,0.8277,0.9016,0.8218,0.823
case_2006,0.8453,0.8932,0.9278,0.8714,0.902
case_2007,0.8439,0.8505,0.8817,0.8733,0.8511
case_2008,0.7425,0.7685,0.7585,0.7232,0.7064
case_2009,0.778,0.7442,0.7979,0.7874,0.7782
case_2010,0.8724,0.8712,0.9035,0.9199,0.9066
case_2011,0.8055,0.8398,0.8398,0.8312,0.8509
case_2012,0.8111,0.8398,0.8486,0.8386,0.8138
case_2013,0.7824,0.8212,0.8233,0.7928,0.7648
case_2014,0.8146,0.8406,0.8613,0.8748,0.8633
case_2015,0.8755,0.9004,0.9036,0.8492,0.8902
case_2016,0.7712,0.7918,0.7939,0.7568,0.7996
case_2017,0.6173,0.6709,0.6706,0.6477,0.6997
case_2018,0.7725,0.7428,0.7759,0.7392,0.7771
case_2019,0.6837,0.6531,0.6989,0.7175,0.6866
case_2020,0.7838,0.7733,0.7937,0.8128,0.7428
case_2021,0.817,0.8485,0.8374,0.8552,0.7957
case_2022,0.8188,0.8211,0.8227,0.8228,0.8075
case_2023,0.8653,0.8475,0.8531,0.8901,0.8397
case_2024,0.8402,0.8551,0.8846,0.8019,0.8452
case_2025,0.7606,0.7526,0.7816,0.7524,0.7494
case_2026,0.8043,0.7804,0.8594,0.85,0.8207
case_2027,0.8003,0.7536,0.7796,0.7828,0.7918
case_2028,0.7594,0.8012,0.7728,0.7561,0.7738
case_2029,0.7688,0.8093,0.7872,0.7985,0.7568
case_2030,0.7667,0.7845,0.7946,0.76,0.7985
case_2031,0.7446,0.6992,0.7699,0.7283,0.7288
case_2032,0.7619,0.7288,0.7377,0.725,0.731
case_2033,0.7838,0.8045,0.7935,0.7527,0.7671
case_2034,0.8673,0.8395,0.8755,0.8111,0.8546
case_2035,0.8183,0.7944,0.7768,0.8044,0.7927
case_2036,0.8997,0.8763,0.8582,0.895,0.9129
case_2037,0.7768,0.7865,0.8266,0.7849,0.7832
case_2038,0.776,0.7448,0.8064,0.755,0.7626
case_2039,0.8097,0.7951,0.8593,0.7818,0.7773
case_2040,0.7946,0.8123,0.8357,0.8354,0.8412
case_2041,0.7783,0.7233,0.7674,0.7658,0.776
case_2042,0.8,0.8279,0.8411,0.8413,0.8341
case_2043,0.774,0.7624,0.8341,0.7773,0.8104
case_2044,0.8037,0.8428,0.8587,0.8443,0.8259
case_2045,0.8843,0.8963,0.9001,0.8798,0.8824
case_2046,0.7634,0.7923,0.8159,0.7539,0.748
case_2047,0.8946,0.8765,0.8681,0.8377,0.8424
case_2048,0.9452,0.918,0.9327,0.9294,0.9463
case_2049,0.7708,0.829,0.8232,0.8181,0.7892
case_2050,0.7762,0.8041,0.8278,0.8078,0.8063
case_2051,0.7784,0.7937,0.7916,0.7832,0.7976
case_2052,0.795,0.7836,0.7939,0.7965,0.8084
case_2053,0.806,0.8056,0.8341,0.8374,0.808
case_2054,0.8028,0.8454,0.8479,0.8214,0.8315
case_2055,0.8651,0.8881,0.8888,0.8874,0.8902
case_2056,0.7602,0.7677,0.7852,0.7784,0.7937
case_2057,0.7199,0.7357,0.748,0.7418,0.7438
case_2058,0.8024,0.8038,0.8203,0.8358,0.8652
case_2059,0.7549,0.7748,0.7737,0.7557,0.7972
case_2060,0.8321,0.8389,0.9076,0.8655,0.8305
case_2061,0.7682,0.7601,0.7928,0.756,0.7573
case_2062,0.7585,0.7775,0.788,0.7942,0.7772
case_2063,0.7468,0.7794,0.7663,0.7905,0.756
case_2064,0.7748,0.8252,0.8799,0.8444,0.8526
case_2065,0.7951,0.8594,0.8766,0.8383,0.8383
case_2066,0.8598,0.8892,0.8888,0.8975,0.8879
case_2067,0.7073,0.7324,0.7476,0.733,0.7239
case_2068,0.7557,0.7748,0.7893,0.7621,0.7433
case_2069,0.8289,0.8175,0.8503,0.8198,0.8103
case_2070,0.8088,0.8275,0.8686,0.7921,0.8209
case_2071,0.8893,0.8691,0.8776,0.86,0.9016
case_2072,0.7931,0.7966,0.8138,0.7841,0.7926
case_2073,0.7568,0.7708,0.7998,0.7557,0.7801
case_2074,0.8233,0.7796,0.8437,0.835,0.8526
case_2075,0.7842,0.7559,0.7905,0.7876,0.7981
case_2076,0.7527,0.753,0.7801,0.7702,0.7645
case_2077,0.8653,0.8969,0.8979,0.8291,0.9036
case_2078,0.8172,0.8199,0.8556,0.8257,0.8555
case_2079,0.8206,0.8463,0.8489,0.8286,0.8124
case_2080,0.7989,0.7667,0.766,0.8042,0.7935
case_2081,0.8267,0.842,0.8338,0.8279,0.8425
case_2082,0.8293,0.8336,0.8495,0.8086,0.8049
case_2083,0.8423,0.8572,0.8624,0.8903,0.8922
case_2084,0.7068,0.7186,0.7516,0.7371,0.7144
case_2085,0.7456,0.7489,0.7971,0.76,0.7725
case_2086,0.6737,0.6802,0.6843,0.6864,0.6288
case_2087,0.8741,0.8953,0.8817,0.8726,0.8526
case_2088,0.8173,0.8072,0.8236,0.8008,0.8456
case_2089,0.7964,0.8299,0.8801,0.8008,0.7621
case_2090,0.7077,0.7378,0.7636,0.7577,0.758
case_2091,0.8954,0.8605,0.8992,0.8872,0.8643
case_2092,0.7586,0.7503,0.758,0.7309,0.7417
case_2093,0.82,0.8262,0.8298,0.8419,0.8394
case_2094,0.7878,0.76,0.7856,0.766,0.8004
case_2095,0.8885,0.871,0.8833,0.8812,0.8696
case_2096,0.7879,0.8331,0.8408,0.8064,0.799
case_2097,0.7921,0.8042,0.817,0.8076,0.8118
case_2098,0.8141,0.7966,0.8333,0.8212,0.8181
case_2099,0.8676,0.8669,0.8814,0.8823,0.858
case_2100,0.7987,0.8025,0.8194,0.8203,0.7639
case_2101,0.8054,0.803,0.8387,0.8406,0.8014
case_2102,0.8083,0.7809,0.8198,0.7926,0.8114
case_2103,0.8265,0.8114,0.8187,0.8326,0.7794
case_2104,0.791,0.8405,0.8226,0.8121,0.8294
case_2105,0.7186,0.7461,0.7694,0.7446,0.775
case_2106,0.7811,0.8166,0.8277,0.8175,0.8072
case_2107,0.6451,0.6844,0.7177,0.7056,0.6981
case_2108,0.7378,0.7636,0.7621,0.7478,0.7814
case_2109,0.7774,0.7497,0.7757,0.7537,0.7647
case_2110,0.8664,0.8436,0.9191,0.8617,0.892
case_2111,0.8618,0.8943,0.8895,0.8677,0.8796
case_2112,0.7633,0.7494,0.8111,0.7504,0.7982
case_2113,0.8169,0.7629,0.7505,0.7914,0.7703
case_2114,0.822,0.8117,0.8511,0.8541,0.8077
case_2115,0.8129,0.7685,0.77,0.7737,0.777
case_2116,0.8102,0.8207,0.8367,0.8225,0.806
case_2117,0.7515,0.7152,0.7511,0.7448,0.7678
case_2118,0.8003,0.8254,0.8635,0.835,0.848
case_2119,0.7357,0.7034,0.7421,0.7134,0.7258
case_2120,0.8286,0.7781,0.8122,0.7425,0.7758
case_2121,0.7819,0.8102,0.8254,0.779,0.8143
case_2122,0.8296,0.8088,0.8456,0.8375,0.8221
case_2123,0.8803,0.868,0.906,0.8863,0.8659
case_2124,0.8477,0.8563,0.8582,0.8344,0.8436
case_2125,0.8128,0.7908,0.8394,0.8025,0.8369
case_2126,0.8426,0.8165,0.8145,0.8231,0.8329
case_2127,0.8368,0.8337,0.8434,0.8228,0.852
case_2128,0.7229,0.7171,0.7298,0.7083,0.7551
case_2129,0.7918,0.8212,0.8131,0.7644,0.8021
case_2130,0.8229,0.864,0.8974,0.89,0.8666
case_2131,0.814,0.829,0.8513,0.8091,0.8276
case_2132,0.6594,0.6695,0.6758,0.6636,0.6145
case_2133,0.782,0.7602,0.7941,0.7519,0.7586
case_2134,0.8112,0.8177,0.8254,0.8223,0.7943
case_2135,0.7067,0.7293,0.7446,0.7059,0.7018
case_2136,0.8471,0.8516,0.9059,0.8416,0.8591
case_2137,0.7234,0.7427,0.7765,0.7116,0.7364
case_2138,0.8015,0.8146,0.8469,0.809,0.7836
case_2139,0.6606,0.6913,0.7057,0.6749,0.6903
case_2140,0.8043,0.7801,0.8218,0.7748,0.8231
case_2141,0.7952,0.7862,0.8019,0.7788,0.7921
case_2142,0.7586,0.7511,0.7877,0.7547,0.7569
case_2143,0.7568,0.7807,0.7604,0.7323,0.7805
case_2144,0.782,0.8243,0.8434,0.8059,0.8039
case_2145,0.7342,0.7628,0.8028,0.7563,0.7718
case_2146,0.7622,0.7203,0.7995,0.7728,0.7723
case_2147,0.824,0.8189,0.8392,0.8372,0.8337
case_2148,0.8323,0.8297,0.8873,0.818,0.8377
case_2149,0.7921,0.819,0.8543,0.8626,0.8394
case_2150,0.894,0.8703,0.9366,0.9071,0.9046
case_2151,0.8394,0.8609,0.8738,0.8474,0.8571
case_2152,0.7062,0.6697,0.6941,0.6723,0.7
case_2153,0.762,0.7414,0.7345,0.7101,0.7427
case_2154,0.8214,0.8287,0.8288,0.8354,0.845
case_2155,0.8442,0.7934,0.8179,0.841,0.8139
case_2156,0.8041,0.7532,0.7951,0.7918,0.8002
case_2157,0.8514,0.8823,0.8808,0.8345,0.8792
case_2158,0.7917,0.8417,0.8021,0.8394,0.7961
case_2159,0.8056,0.7298,0.7937,0.8057,0.764
case_2160,0.751,0.7708,0.7608,0.7719,0.7724
case_2161,0.8215,0.8781,0.8621,0.8803,0.8514
case_2162,0.7482,0.7414,0.7854,0.7502,0.773
case_2163,0.8546,0.8518,0.8907,0.8559,0.8351
case_2164,0.8483,0.8103,0.8483,0.7809,0.8385
case_2165,0.7851,0.7568,0.7889,0.8046,0.7566
case_2166,0.792,0.7861,0.8189,0.7738,0.7822
case_2167,0.7421,0.7857,0.777,0.7464,0.7664
case_2168,0.8308,0.8065,0.8247,0.86,0.8543
case_2169,0.8523,0.829,0.8585,0.7947,0.8449
case_2170,0.7571,0.7703,0.7757,0.8049,0.7797
case_2171,0.7605,0.7413,0.7982,0.7655,0.7613
case_2172,0.7331,0.7048,0.769,0.7524,0.7444
case_2173,0.7745,0.8027,0.801,0.8069,0.7914
case_2174,0.7147,0.7096,0.7288,0.7207,0.6952
case_2175,0.8478,0.8365,0.8644,0.8231,0.7923
case_2176,0.8154,0.8358,0.8079,0.8264,0.8003
case_2177,0.8093,0.8082,0.8258,0.819,0.7913
case_2178,0.9017,0.866,0.9297,0.8846,0.8695
case_2179,0.8007,0.7991,0.8329,0.8105,0.819
case_2180,0.7438,0.7607,0.7525,0.7658,0.7426
case_2181,0.8094,0.7857,0.7951,0.7848,0.824
case_2182,0.8604,0.8943,0.9023,0.8602,0.8511
case_2183,0.8012,0.7954,0.8366,0.8251,0.8116
case_2184,0.792,0.7924,0.7796,0.8051,0.8028
case_2185,0.7006,0.7135,0.7237,0.6938,0.7257
case_2186,0.8089,0.7952,0.7877,0.7756,0.784
case_2187,0.7885,0.7701,0.7914,0.7994,0.788
case_2188,0.858,0.8349,0.8241,0.8671,0.8354
case_2189,0.9386,0.9381,0.9081,0.9108,0.9326
case_2190,0.7614,0.7908,0.8438,0.7873,0.7806
case_2191,0.768,0.7909,0.8075,0.7833,0.7822
case_2192,0.7806,0.8014,0.83,0.7962,0.7794
case_2193,0.8125,0.7971,0.8117,0.7802,0.7829
case_2194,0.7596,0.8061,0.7818,0.7755,0.7761
case_2195,0.7924,0.7745,0.8257,0.7769,0.8013
case_2196,0.7974,0.8255,0.8519,0.8242,0.8256
case_2197,0.8445,0.8702,0.8758,0.8319,0.8544
case_2198,0.8302,0.832,0.8384,0.8296,0.8234
case_2199,0.8234,0.8441,0.7912,0.7987,0.8391
case_2200,0.8386,0.863,0.8807,0.8433,0.8631
case_2201,0.8495,0.8287,0.8524,0.8299,0.8551
case_2202,0.759,0.7777,0.825,0.7652,0.7671
case_2203,0.7602,0.8273,0.8408,0.8053,0.7713
case_2204,0.8786,0.8532,0.9101,0.8806,0.8904
case_2205,0.8952,0.9066,0.9306,0.8899,0.8775
case_2206,0.797,0.777,0.8052,0.8004,0.75
case_2207,0.8294,0.8495,0.8258,0.8494,0.8163
case_2208,0.7611,0.7589,0.758,0.7616,0.7492
case_2209,0.7989,0.8199,0.8121,0.8136,0.8029
case_2210,0.7824,0.7885,0.863,0.8324,0.7998
case_2211,0.752,0.7097,0.7292,0.7227,0.6911
case_2212,0.8253,0.8398,0.8568,0.8253,0.8519
case_2213,0.7775,0.7613,0.7523,0.7494,0.7819
case_2214,0.8604,0.8604,0.9046,0.8796,0.825
case_2215,0.7871,0.7753,0.8205,0.7882,0.8127
case_2216,0.773,0.7821,0.812,0.8249,0.7829
case_2217,0.8247,0.8254,0.8481,0.8413,0.8677
case_2218,0.7497,0.7442,0.7664,0.7269,0.749
case_2219,0.7749,0.7546,0.7976,0.7813,0.769
case_2220,0.7569,0.7813,0.7943,0.778,0.7662
case_2221,0.7534,0.7127,0.7291,0.7353,0.7547
case_2222,0.7108,0.6862,0.7185,0.6945,0.7376
case_2223,0.6894,0.7515,0.7305,0.7467,0.7311
case_2224,0.669,0.6634,0.708,0.6881,0.6753
case_2225,0.8149,0.7973,0.8301,0.8055,0.8024
case_2226,0.7439,0.7537,0.8002,0.7596,0.7591
case_2227,0.7836,0.7609,0.7762,0.7431,0.7708
case_2228,0.8809,0.8736,0.9186,0.8594,0.8936
case_2229,0.8272,0.8032,0.8808,0.802,0.8194
case_2230,0.7853,0.7821,0.8241,0.7786,0.7745
case_2231,0.6889,0.7,0.731,0.7416,0.7066
case_2232,0.7515,0.7512,0.8136,0.7843,0.8063
case_2233,0.7999,0.8059,0.8028,0.7786,0.7733
case_2234,0.7757,0.7934,0.8183,0.8196,0.8134
case_2235,0.8374,0.843,0.8472,0.8396,0.832
case_2236,0.7832,0.745,0.7738,0.7692,0.7567
case_2237,0.8133,0.7858,0.8375,0.7879,0.8114
case_2238,0.7734,0.8133,0.8453,0.8223,0.7993
case_2239,0.8654,0.8251,0.9062,0.8503,0.8798
case_2240,0.8434,0.7775,0.8003,0.8252,0.7916
case_2241,0.8199,0.8443,0.8638,0.8344,0.8426
case_2242,0.8197,0.7945,0.8165,0.8289,0.8044
case_2243,0.9083,0.8613,0.8975,0.8676,0.8648
case_2244,0.7403,0.7059,0.7372,0.7246,0.7304
case_2245,0.8041,0.8154,0.8297,0.7924,0.8168
case_2246,0.7719,0.7587,0.8049,0.7349,0.7542
case_2247,0.8143,0.7515,0.8096,0.8085,0.7905
case_2248,0.7861,0.7992,0.8149,0.776,0.8016
case_2249,0.6953,0.6933,0.7663,0.7358,0.7226
case_2250,0.8159,0.8502,0.8705,0.8113,0.8588
case_2251,0.7842,0.7971,0.8032,0.7835,0.8453
case_2252,0.823,0.8463,0.8558,0.8385,0.842
case_2253,0.8859,0.8834,0.9063,0.8828,0.8704
case_2254,0.8236,0.824,0.8268,0.8042,0.8407
case_2255,0.8719,0.8716,0.9177,0.8814,0.8704
case_2256,0.7569,0.7467,0.7808,0.7409,0.7437
case_2257,0.8612,0.8184,0.8917,0.8719,0.8344
case_2258,0.7223,0.7576,0.7475,0.7314,0.7496
case_2259,0.7697,0.7939,0.8216,0.7947,0.792
case_2260,0.8561,0.8499,0.887,0.8487,0.8903
case_2261,0.7223,0.7322,0.7647,0.7303,0.7383
case_2262,0.6434,0.6982,0.6841,0.6738,0.6759
case_2263,0.8346,0.833,0.8716,0.8116,0.8268
case_2264,0.7575,0.7957,0.794,0.7847,0.7834
case_2265,0.7227,0.7102,0.7406,0.7402,0.7297
case_2266,0.7452,0.7449,0.7747,0.7643,0.7736
case_2267,0.828,0.8413,0.8951,0.8697,0.825
case_2268,0.732,0.7316,0.7396,0.7204,0.7133
case_2269,0.7928,0.7866,0.809,0.7841,0.8262
case_2270,0.8664,0.8287,0.8692,0.8471,0.8332
case_2271,0.758,0.7936,0.8073,0.7335,0.7449
case_2272,0.8628,0.8545,0.8523,0.8598,0.8848
case_2273,0.8068,0.7899,0.771,0.7679,0.7702
case_2274,0.8925,0.8582,0.8608,0.8723,0.8573
case_2275,0.852,0.8791,0.8952,0.8384,0.8432
case_2276,0.7762,0.7441,0.7491,0.7008,0.7435
case_2277,0.7625,0.7874,0.817,0.7868,0.8001
case_2278,0.7512,0.7213,0.7827,0.7591,0.7614
case_2279,0.7557,0.7715,0.7895,0.7864,0.7646
case_2280,0.8101,0.8033,0.8064,0.8134,0.8501
case_2281,0.814,0.7972,0.8295,0.7848,0.8176
case_2282,0.7942,0.8218,0.8292,0.8077,0.8417
case_2283,0.7307,0.742,0.7924,0.7275,0.7697
case_2284,0.8547,0.8375,0.9121,0.8359,0.8912
case_2285,0.8641,0.8773,0.8478,0.8552,0.8843
case_2286,0.8391,0.8423,0.8386,0.8194,0.8589
case_2287,0.8181,0.8173,0.8321,0.8276,0.8175
case_2288,0.7771,0.7975,0.8329,0.8069,0.7987
case_2289,0.8581,0.8142,0.8508,0.8366,0.8325
case_2290,0.8038,0.7564,0.8126,0.8181,0.8091
case_2291,0.7603,0.7854,0.8025,0.777,0.8108
case_2292,0.7482,0.7722,0.8142,0.8128,0.7956
case_2293,0.912,0.89,0.9431,0.885,0.9306
case_2294,0.7864,0.7933,0.7939,0.7638,0.8057
case_2295,0.8694,0.868,0.895,0.8925,0.9205
case_2296,0.8156,0.8081,0.8158,0.815,0.8421
case_2297,0.7589,0.736,0.7572,0.7502,0.719
case_2298,0.7712,0.7366,0.7781,0.7575,0.7406
case_2299,0.8274,0.8375,0.8543,0.8372,0.8263
case_2300,0.7479,0.723,0.7196,0.7247,0.7175
case_2301,0.8552,0.8566,0.9254,0.8485,0.8305
case_2302,0.8128,0.8079,0.8013,0.7825,0.8045
case_2303,0.8274,0.8513,0.8389,0.8626,0.8318
case_2304,0.7991,0.8489,0.8099,0.8249,0.8215
case_2305,0.824,0.8112,0.8548,0.8329,0.8413
case_2306,0.8213,0.8268,0.8707,0.8238,0.821
case_2307,0.7698,0.7581,0.7709,0.7044,0.7476
case_2308,0.7622,0.779,0.7958,0.7814,0.7863
case_2309,0.7709,0.8037,0.7892,0.798,0.7982
case_2310,0.7379,0.7547,0.745,0.7498,0.7519
case_2311,0.7462,0.7465,0.7657,0.7645,0.7376
case_2312,0.8391,0.8465,0.8954,0.8449,0.8296
case_2313,0.78,0.7671,0.8081,0.7441,0.7844
case_2314,0.8802,0.8431,0.913,0.8585,0.8386
case_2315,0.8145,0.8168,0.8509,0.8393,0.8235
case_2316,0.7961,0.7899,0.8438,0.7836,0.7594
case_2317,0.7484,0.7499,0.7763,0.7713,0.7846
case_2318,0.7617,0.7367,0.8274,0.7862,0.7722
case_2319,0.879,0.8276,0.8723,0.8649,0.8388
case_2320,0.8078,0.8093,0.8602,0.831,0.8185
case_2321,0.6963,0.7134,0.7224,0.7015,0.7056
case_2322,0.8977,0.9071,0.9426,0.8745,0.9069
case_2323,0.819,0.8288,0.8738,0.802,0.8455
case_2324,0.6681,0.7285,0.7288,0.6887,0.7162
case_2325,0.8597,0.8707,0.8685,0.8525,0.8646
case_2326,0.9173,0.9054,0.9479,0.9233,0.906
case_2327,0.7984,0.8194,0.8443,0.8497,0.8388
case_2328,0.741,0.783,0.7798,0.7398,0.7509
case_2329,0.9214,0.9089,0.9085,0.8644,0.8632
case_2330,0.7292,0.7163,0.7507,0.7607,0.7036
case_2331,0.8262,0.7901,0.8456,0.8066,0.7707
case_2332,0.869,0.8238,0.902,0.8313,0.8416
case_2333,0.8425,0.808,0.8413,0.7965,0.8153
case_2334,0.7528,0.7901,0.7842,0.7867,0.7763
case_2335,0.8763,0.8753,0.8935,0.8877,0.8844
case_2336,0.8234,0.8258,0.8182,0.8214,0.8012
case_2337,0.6868,0.713,0.7087,0.6848,0.6946
case_2338,0.7549,0.745,0.7854,0.7726,0.8053
case_2339,0.729,0.7679,0.7894,0.7491,0.7674
case_2340,0.7908,0.7636,0.822,0.834,0.7833
case_2341,0.6905,0.7034,0.7375,0.732,0.7355
case_2342,0.7773,0.764,0.7614,0.7739,0.8154
case_2343,0.7804,0.802,0.8152,0.753,0.7951
case_2344,0.8706,0.9165,0.8712,0.8947,0.8672
case_2345,0.8901,0.8873,0.9263,0.8892,0.8831
case_2346,0.7279,0.7503,0.7735,0.7202,0.7186
case_2347,0.8829,0.8806,0.9139,0.8886,0.8974
case_2348,0.7222,0.7536,0.7259,0.7468,0.7632
case_2349,0.7431,0.731,0.7698,0.7439,0.7628
case_2350,0.7843,0.7504,0.796,0.791,0.7472
case_2351,0.8351,0.8723,0.8756,0.8232,0.8497
case_2352,0.778,0.8019,0.8031,0.7683,0.8314
case_2353,0.8208,0.8093,0.8357,0.8102,0.849
case_2354,0.6964,0.7229,0.7427,0.7165,0.7117
case_2355,0.7205,0.7398,0.7135,0.6842,0.6925
case_2356,0.8486,0.8086,0.869,0.85,0.8441
case_2357,0.8893,0.9127,0.9065,0.8858,0.8888
case_2358,0.8341,0.8129,0.8658,0.8367,0.8553
case_2359,0.8718,0.8771,0.8733,0.8607,0.8563
case_2360,0.8039,0.8248,0.8191,0.7934,0.8063
case_2361,0.7619,0.8087,0.805,0.81,0.7806
case_2362,0.7822,0.7776,0.846,0.7548,0.7783
case_2363,0.8217,0.7978,0.7851,0.7824,0.787
case_2364,0.7392,0.7137,0.7618,0.7299,0.7276
case_2365,0.8331,0.847,0.8354,0.8256,0.8142
case_2366,0.7291,0.7295,0.7407,0.7351,0.7264
case_2367,0.8269,0.832,0.8451,0.8187,0.845
case_2368,0.8614,0.8975,0.9421,0.8946,0.9091
case_2369,0.8837,0.9199,0.913,0.8993,0.8636
case_2370,0.762,0.7606,0.7884,0.7553,0.7472
case_2371,0.7404,0.6974,0.7443,0.7161,0.7333
case_2372,0.8824,0.8899,0.8938,0.8684,0.8946
case_2373,0.7487,0.7578,0.8158,0.7884,0.7675
case_2374,0.9514,0.9001,0.9868,0.9188,0.9297
case_2375,0.8323,0.8127,0.8334,0.8132,0.7834
case_2376,0.8102,0.8322,0.8531,0.8138,0.8321
case_2377,0.8501,0.8444,0.8812,0.8468,0.8575
case_2378,0.7741,0.7425,0.7764,0.7322,0.8094
case_2379,0.7678,0.7901,0.792,0.7614,0.7952
case_2380,0.7191,0.7603,0.7549,0.7231,0.7637
case_2381,0.8238,0.812,0.8484,0.7725,0.8129
case_2382,0.7849,0.7774,0.8232,0.8161,0.783
case_2383,0.7318,0.7296,0.7677,0.7358,0.7435
case_2384,0.8206,0.8389,0.8688,0.8487,0.8159
case_2385,0.8571,0.8641,0.8284,0.844,0.866
case_2386,0.7707,0.7477,0.8305,0.7483,0.7515
case_2387,0.8109,0.8163,0.8355,0.8637,0.8212
case_2388,0.8905,0.8462,0.9453,0.8288,0.8686
case_2389,0.7799,0.7869,0.8345,0.7686,0.7839
case_2390,0.822,0.8384,0.8736,0.8542,0.831
case_2391,0.6928,0.7169,0.7301,0.714,0.7164
case_2392,0.8725,0.8758,0.9007,0.8276,0.8493
case_2393,0.6531,0.6575,0.7092,0.6561,0.688
case_2394,0.8004,0.8227,0.8283,0.7992,0.7982
case_2395,0.7528,0.7763,0.8025,0.767,0.8053
case_2396,0.7585,0.7498,0.7666,0.7241,0.7046
case_2397,0.8554,0.8393,0.8833,0.8464,0.8398
case_2398,0.7079,0.7148,0.6998,0.7191,0.7082
case_2399,0.7838,0.7922,0.8286,0.7792,0.8011
case_2400,0.8078,0.758,0.7797,0.7439,0.7955
case_2401,0.7966,0.8069,0.8141,0.8071,0.7806
case_2402,0.8487,0.8235,0.8322,0.7893,0.8112
case_2403,0.7274,0.7155,0.7563,0.7227,0.7076
case_2404,0.6779,0.6628,0.6974,0.6828,0.6781
case_2405,0.8653,0.9071,0.9201,0.8935,0.9207
case_2406,0.7465,0.7642,0.7729,0.742,0.7747
case_2407,0.8197,0.7869,0.8295,0.8292,0.8391
case_2408,0.7595,0.7517,0.7978,0.7858,0.7532
case_2409,0.7273,0.7344,0.7502,0.7212,0.7157
case_2410,0.9066,0.8626,0.8825,0.8705,0.8542
case_2411,0.8256,0.8635,0.8279,0.858,0.8433
case_2412,0.895,0.8679,0.9017,0.8686,0.8577
case_2413,0.9171,0.8771,0.9044,0.8763,0.8822
case_2414,0.7407,0.7616,0.797,0.7708,0.7676
case_2415,0.76,0.7305,0.7882,0.7609,0.7767
case_2416,0.701,0.7055,0.6998,0.6741,0.7047
case_2417,0.7509,0.744,0.772,0.759,0.7451
case_2418,0.8106,0.8311,0.8322,0.8569,0.8473
case_2419,0.7098,0.702,0.7381,0.6793,0.7029
case_2420,0.7503,0.7687,0.8361,0.7514,0.7487
case_2421,0.667,0.646,0.7108,0.6723,0.7128
case_2422,0.7293,0.7212,0.7421,0.7555,0.7306
case_2423,0.8257,0.8329,0.8672,0.8452,0.8453
case_2424,0.8164,0.8326,0.8307,0.8666,0.8622
case_2425,0.7314,0.7645,0.7968,0.7302,0.7404
case_2426,0.8034,0.8276,0.8402,0.7912,0.8362
case_2427,0.8895,0.8921,0.9068,0.8558,0.8708
case_2428,0.7566,0.7487,0.7861,0.7743,0.7565
case_2429,0.7202,0.7035,0.7509,0.7241,0.6956
case_2430,0.6996,0.7221,0.7239,0.7023,0.6781
case_2431,0.7717,0.7821,0.8167,0.7822,0.7509
case_2432,0.8163,0.8013,0.8466,0.8323,0.8295
case_2433,0.8056,0.813,0.8417,0.807,0.8087
case_2434,0.7966,0.7955,0.7972,0.7976,0.791
case_2435,0.771,0.7722,0.8067,0.7712,0.7526
case_2436,0.7762,0.8028,0.7912,0.7837,0.8027
case_2437,0.665,0.683,0.67,0.6687,0.6725
case_2438,0.8392,0.8581,0.8441,0.8416,0.8516
case_2439,0.8756,0.8991,0.9058,0.8896,0.8926
case_2440,0.7901,0.8026,0.8327,0.8153,0.8166
case_2441,0.8648,0.8594,0.8954,0.9021,0.8689
case_2442,0.8733,0.8326,0.8752,0.851,0.8588
case_2443,0.7811,0.7927,0.8247,0.8149,0.8086
case_2444,0.6729,0.6867,0.7275,0.6462,0.6902
case_2445,0.6766,0.6818,0.6901,0.676,0.6889
case_2446,0.7355,0.8018,0.7432,0.775,0.7476
case_2447,0.769,0.7372,0.7628,0.7512,0.7396
case_2448,0.7964,0.7948,0.7994,0.8028,0.7995
case_2449,0.763,0.7578,0.8009,0.7754,0.7908
case_2450,0.786,0.7541,0.8249,0.7733,0.7644
case_2451,0.7303,0.7257,0.7481,0.7523,0.7493
case_2452,0.8059,0.8292,0.8162,0.8253,0.8482
case_2453,0.6812,0.6924,0.7611,0.7246,0.6835
case_2454,0.8628,0.8235,0.882,0.8742,0.8143
case_2455,0.8186,0.8096,0.8414,0.871,0.8056
case_2456,0.7879,0.762,0.7611,0.7862,0.792
case_2457,0.7503,0.8092,0.8017,0.7795,0.7764
case_2458,0.7546,0.7977,0.813,0.7854,0.7606
case_2459,0.8092,0.7498,0.7761,0.7909,0.7995
case_2460,0.8375,0.8471,0.8298,0.8007,0.8065
case_2461,0.786,0.7871,0.8321,0.7894,0.7908
case_2462,0.831,0.8322,0.8103,0.8246,0.7898
case_2463,0.7396,0.7472,0.8002,0.748,0.7654
case_2464,0.7796,0.7776,0.8482,0.7819,0.7731
case_2465,0.8855,0.8916,0.8933,0.8872,0.8769
case_2466,0.7343,0.7309,0.7288,0.6992,0.717
case_2467,0.8936,0.9232,0.9274,0.8841,0.9204
case_2468,0.9039,0.9012,0.9265,0.9074,0.8868
case_2469,0.724,0.7489,0.7748,0.7682,0.7626
case_2470,0.7489,0.7761,0.8046,0.7869,0.8087
case_2471,0.828,0.822,0.8416,0.8302,0.8614
case_2472,0.8423,0.8783,0.8609,0.8531,0.8707
case_2473,0.8851,0.8696,0.8634,0.8402,0.8825
case_2474,0.7689,0.7833,0.7473,0.76,0.7249
case_2475,0.8641,0.8803,0.9188,0.8858,0.8849
case_2476,0.8197,0.8081,0.8467,0.8314,0.8115
case_2477,0.8369,0.7897,0.8496,0.8054,0.8341
case_2478,0.8323,0.8358,0.8858,0.8216,0.8666
case_2479,0.8378,0.8433,0.8435,0.8224,0.8401
case_2480,0.7,0.7023,0.7517,0.7181,0.699
case_2481,0.7316,0.7577,0.7573,0.7488,0.7423
case_2482,0.8297,0.8548,0.8704,0.8459,0.8543
case_2483,0.8688,0.9159,0.8828,0.8372,0.8889
case_2484,0.7531,0.7021,0.7323,0.7114,0.7174
case_2485,0.7486,0.7803,0.7748,0.7829,0.7201
case_2486,0.8129,0.7843,0.8338,0.8033,0.7939
case_2487,0.7347,0.723,0.7919,0.7683,0.7341
case_2488,0.7619,0.7866,0.7708,0.757,0.7838
case_2489,0.8701,0.8403,0.8724,0.8695,0.8401
case_2490,0.7377,0.7495,0.7385,0.7411,0.7235
case_2491,0.8424,0.8339,0.9019,0.8402,0.826
case_2492,0.7763,0.8093,0.8258,0.7574,0.792
case_2493,0.7991,0.7969,0.835,0.7799,0.8137
case_2494,0.7605,0.769,0.7676,0.77,0.7515
case_2495,0.7936,0.807,0.9005,0.8194,0.8704
case_2496,0.8967,0.8947,0.8653,0.8744,0.8971
case_2497,0.8382,0.7891,0.8368,0.8064,0.8043
case_2498,0.8317,0.8185,0.833,0.8697,0.8687
case_2499,0.7759,0.7527,0.8341,0.7701,0.7844
case_2500,0.8401,0.8635,0.847,0.8464,0.8428
case_2501,0.8223,0.839,0.834,0.8324,0.8015
case_2502,0.7483,0.7807,0.7826,0.7573,0.7657
case_2503,0.8082,0.7846,0.8226,0.7607,0.7832
case_2504,0.7951,0.8147,0.8171,0.8015,0.819
case_2505,0.8176,0.797,0.8231,0.7873,0.8219
case_2506,0.7203,0.76,0.7735,0.7338,0.7201
case_2507,0.769,0.7428,0.7875,0.7705,0.7662
case_2508,0.7557,0.7499,0.8376,0.803,0.7565
case_2509,0.7325,0.7467,0.7533,0.719,0.7523
case_2510,0.7221,0.7095,0.7384,0.7453,0.7143
case_2511,0.8967,0.904,0.9254,0.9017,0.9083
case_2512,0.7773,0.7819,0.801,0.7917,0.7886
case_2513,0.8108,0.7837,0.7798,0.779,0.816
case_2514,0.7173,0.7101,0.7381,0.6996,0.7156
case_2515,0.8051,0.8044,0.8206,0.8077,0.8283
case_2516,0.7332,0.7744,0.7917,0.7424,0.7256
case_2517,0.8407,0.8338,0.8521,0.822,0.8374
case_2518,0.6883,0.7178,0.7267,0.716,0.7399
case_2519,0.7882,0.8087,0.8344,0.7872,0.7988
case_2520,0.7349,0.6904,0.7551,0.6949,0.7142
case_2521,0.9182,0.8943,0.9648,0.9217,0.8865
case_2522,0.763,0.7422,0.7829,0.7655,0.7737
case_2523,0.7707,0.7321,0.7784,0.7518,0.7603
case_2524,0.7976,0.8132,0.8269,0.8104,0.8197
case_2525,0.8089,0.8437,0.8676,0.8742,0.8553
case_2526,0.7164,0.6734,0.6922,0.6786,0.6981
case_2527,0.82,0.8622,0.8357,0.8393,0.805
case_2528,0.8438,0.8565,0.8731,0.8469,0.854
case_2529,0.8293,0.8019,0.8382,0.8294,0.7893
case_2530,0.809,0.8518,0.7958,0.8195,0.8237
case_2531,0.8459,0.893,0.8945,0.887,0.8987
case_2532,0.834,0.8045,0.8297,0.828,0.8543
case_2533,0.7032,0.7,0.7343,0.7002,0.72
case_2534,0.8647,0.8564,0.8881,0.8319,0.8654
case_2535,0.6861,0.7189,0.7458,0.7398,0.7337
case_2536,0.7888,0.8011,0.8238,0.818,0.7869
case_2537,0.8239,0.8952,0.8913,0.8756,0.8498
case_2538,0.7688,0.77,0.7951,0.805,0.7753
case_2539,0.707,0.7273,0.7677,0.6654,0.7387
case_2540,0.791,0.8112,0.8059,0.7825,0.8091
case_2541,0.7777,0.7483,0.8266,0.7862,0.7866
case_2542,0.8072,0.8645,0.8524,0.8138,0.8638
case_2543,0.7236,0.803,0.7776,0.7907,0.7798
case_2544,0.847,0.8637,0.8368,0.83,0.8634
case_2545,0.8326,0.7936,0.8005,0.8072,0.7916
case_2546,0.8404,0.8838,0.8647,0.8471,0.8643
case_2547,0.7409,0.7364,0.7495,0.688,0.7109
case_2548,0.8274,0.8217,0.8592,0.857,0.884
case_2549,0.8043,0.8288,0.8076,0.8334,0.8189
case_2550,0.7759,0.7677,0.78,0.749,0.7792
case_2551,0.8065,0.7829,0.7858,0.7972,0.7911
case_2552,0.8972,0.8788,0.8966,0.8805,0.9181
case_2553,0.7426,0.7631,0.7875,0.7703,0.7105
case_2554,0.796,0.8441,0.8087,0.8096,0.8132
case_2555,0.7135,0.718,0.7463,0.7233,0.689
case_2556,0.8099,0.8697,0.8363,0.8162,0.8471
case_2557,0.795,0.7838,0.825,0.8156,0.8044
case_2558,0.7993,0.8039,0.8197,0.7757,0.816
case_2559,0.8754,0.8192,0.8641,0.8337,0.8235
case_2560,0.8979,0.8509,0.8543,0.8464,0.8653
case_2561,0.8625,0.8781,0.8578,0.8561,0.8357
case_2562,0.8085,0.7776,0.8536,0.8211,0.8223
case_2563,0.661,0.6918,0.6892,0.748,0.671
case_2564,0.867,0.8668,0.8772,0.8402,0.857
case_2565,0.7536,0.761,0.7735,0.7607,0.7892
case_2566,0.7582,0.7446,0.7764,0.7391,0.7378
case_2567,0.8377,0.8055,0.8073,0.8015,0.7767
case_2568,0.7761,0.7891,0.7547,0.7706,0.7724
case_2569,0.7668,0.7525,0.7656,0.7838,0.7398
case_2570,0.7184,0.7585,0.7415,0.7543,0.7424
case_2571,0.7252,0.6877,0.76,0.713,0.74
case_2572,0.8492,0.8671,0.9004,0.8579,0.8617
case_2573,0.8508,0.8422,0.8768,0.8379,0.8666
case_2574,0.7335,0.7639,0.743,0.7342,0.7239
case_2575,0.7945,0.7642,0.7752,0.7611,0.7709
case_2576,0.8965,0.8993,0.9525,0.9175,0.8942
case_2577,0.7348,0.7435,0.7666,0.7656,0.7205
case_2578,0.7542,0.7588,0.7906,0.8094,0.7948
case_2579,0.7137,0.7161,0.7187,0.6595,0.6926
case_2580,0.7528,0.7792,0.788,0.794,0.7594
case_2581,0.7862,0.8147,0.8131,0.7855,0.7843
case_2582,0.7035,0.7375,0.7434,0.7002,0.6791
case_2583,0.8431,0.7983,0.8542,0.826,0.7994
case_2584,0.8328,0.8544,0.8504,0.8657,0.8311
case_2585,0.7382,0.7085,0.7627,0.745,0.7269
case_2586,0.723,0.7204,0.731,0.6931,0.688
case_2587,0.7492,0.7683,0.8008,0.7875,0.7881
case_2588,0.8288,0.8201,0.8286,0.8363,0.8237
case_2589,0.885,0.8385,0.8375,0.8308,0.8388
case_2590,0.858,0.8043,0.9064,0.7936,0.8553
case_2591,0.8023,0.8159,0.8251,0.8256,0.8012
case_2592,0.8559,0.7986,0.8238,0.849,0.8276
case_2593,0.8087,0.7769,0.8129,0.796,0.793
case_2594,0.7657,0.7394,0.7777,0.7752,0.7941
case_2595,0.8089,0.8627,0.8846,0.8074,0.8075
case_2596,0.6718,0.6931,0.7268,0.7058,0.6903
case_2597,0.7124,0.6955,0.719,0.7218,0.7312
case_2598,0.8258,0.8491,0.8449,0.7958,0.8183
case_2599,0.864,0.8212,0.8266,0.8433,0.844
case_2600,0.7753,0.8122,0.795,0.7893,0.801
case_2601,0.7714,0.7599,0.7964,0.7825,0.7959
case_2602,0.8349,0.8087,0.8601,0.8053,0.8123
case_2603,0.7844,0.7749,0.7977,0.7763,0.7717
case_2604,0.869,0.8866,0.8748,0.8625,0.8847
case_2605,0.8128,0.7864,0.821,0.8037,0.7963
case_2606,0.827,0.8176,0.8523,0.8517,0.8508
case_2607,0.743,0.7682,0.7684,0.7721,0.7601
case_2608,0.7145,0.7388,0.7548,0.7108,0.7153
case_2609,0.8015,0.7624,0.7922,0.7936,0.7581
case_2610,0.7932,0.7371,0.7633,0.7448,0.738
case_2611,0.7999,0.8182,0.8576,0.8348,0.8667
case_2612,0.7724,0.7747,0.8023,0.7646,0.818
case_2613,0.843,0.8497,0.8338,0.8359,0.8111
case_2614,0.7451,0.7407,0.7318,0.7291,0.7596
case_2615,0.8017,0.821,0.8764,0.8228,0.841
case_2616,0.8812,0.8825,0.9105,0.8909,0.8603
case_2617,0.8459,0.8699,0.8839,0.8743,0.8356
case_2618,0.819,0.7754,0.8234,0.8158,0.8389
case_2619,0.8449,0.8904,0.9282,0.8856,0.9007
case_2620,0.8273,0.799,0.8473,0.7904,0.8335
case_2621,0.8339,0.857,0.8554,0.8317,0.8276
case_2622,0.8889,0.8786,0.9117,0.884,0.8994
case_2623,0.7146,0.7635,0.8005,0.7502,0.7716
case_2624,0.824,0.8039,0.8479,0.7984,0.8323
case_2625,0.7899,0.7622,0.8058,0.8105,0.7856
case_2626,0.8139,0.8442,0.8671,0.8125,0.825
case_2627,0.7687,0.7569,0.7861,0.7435,0.7954
case_2628,0.8503,0.8397,0.8485,0.844,0.8671
case_2629,0.8412,0.8424,0.8368,0.8229,0.8647
case_2630,0.7832,0.7689,0.8098,0.7672,0.7794
case_2631,0.8184,0.7768,0.8244,0.7971,0.8025
case_2632,0.8794,0.8928,0.8904,0.8863,0.8985
case_2633,0.6211,0.673,0.6629,0.6273,0.6497
case_2634,0.8068,0.8062,0.8264,0.8082,0.8191
case_2635,0.8687,0.8639,0.869,0.8701,0.8669
case_2636,0.7759,0.783,0.835,0.7805,0.7842
case_2637,0.8516,0.8597,0.875,0.8523,0.8341
case_2638,0.8106,0.8023,0.8275,0.8073,0.8099
case_2639,0.7722,0.7825,0.7994,0.7662,0.8066
case_2640,0.8292,0.8545,0.8784,0.8346,0.809
case_2641,0.8381,0.8038,0.8394,0.7838,0.8268
case_2642,0.8651,0.8483,0.879,0.8368,0.8684
case_2643,0.7951,0.7524,0.7952,0.7806,0.7829
case_2644,0.7511,0.7163,0.78,0.7328,0.7296
case_2645,0.7875,0.8097,0.8204,0.8389,0.7839
case_2646,0.8528,0.861,0.8803,0.8768,0.866
case_2647,0.7724,0.7596,0.7997,0.7556,0.7624
case_2648,0.8304,0.852,0.8583,0.8277,0.8328
case_2649,0.7592,0.7908,0.7705,0.7643,0.7771
case_2650,0.8978,0.9044,0.9404,0.8842,0.9026
case_2651,0.805,0.8288,0.8292,0.8561,0.8339
case_2652,0.8047,0.8218,0.8106,0.7941,0.7863
case_2653,0.6416,0.6294,0.7179,0.6759,0.6704
case_2654,0.7748,0.8256,0.7909,0.7714,0.7635
case_2655,0.8562,0.8614,0.8737,0.8552,0.8652
case_2656,0.7991,0.7807,0.8394,0.843,0.8005
case_2657,0.8175,0.849,0.8184,0.7869,0.8227
case_2658,0.9187,0.8993,0.9555,0.9083,0.8984
case_2659,0.7999,0.8275,0.8231,0.809,0.7932
case_2660,0.724,0.7224,0.7545,0.7614,0.7338
case_2661,0.7962,0.8021,0.7905,0.7745,0.7741
case_2662,0.7786,0.8061,0.82,0.7855,0.7793
case_2663,0.8395,0.8227,0.8519,0.8243,0.8499
case_2664,0.7408,0.7406,0.7725,0.7308,0.705
case_2665,0.8444,0.8531,0.8568,0.8176,0.822
case_2666,0.7834,0.7779,0.7916,0.8041,0.7949
case_2667,0.8871,0.8384,0.8989,0.8862,0.8687
case_2668,0.8031,0.7992,0.8718,0.8083,0.7954
case_2669,0.8984,0.8754,0.888,0.8686,0.8996
case_2670,0.8214,0.8595,0.9041,0.8274,0.8725
case_2671,0.7765,0.7163,0.7801,0.7561,0.7353
case_2672,0.7634,0.811,0.803,0.8018,0.8199
case_2673,0.8535,0.8382,0.8538,0.8336,0.8351
case_2674,0.7149,0.7184,0.7703,0.76,0.7432
case_2675,0.7957,0.8293,0.8421,0.7985,0.8055
case_2676,0.8551,0.8673,0.8759,0.8511,0.8682
case_2677,0.7751,0.8034,0.8393,0.8096,0.8128
case_2678,0.8596,0.836,0.8761,0.8643,0.8737
case_2679,0.8672,0.8671,0.8971,0.8505,0.8859
case_2680,0.7765,0.8034,0.8224,0.8143,0.7937
case_2681,0.7329,0.7492,0.7551,0.7635,0.7363
case_2682,0.742,0.7313,0.797,0.7199,0.7088
case_2683,0.7838,0.7743,0.7913,0.7833,0.8018
case_2684,0.869,0.8704,0.8893,0.9001,0.8852
case_2685,0.755,0.7911,0.8141,0.7777,0.8069
case_2686,0.6964,0.6924,0.7342,0.6661,0.6945
case_2687,0.8679,0.8772,0.8878,0.8952,0.8507
case_2688,0.6844,0.6859,0.7266,0.7437,0.7066
case_2689,0.7775,0.7681,0.8326,0.7723,0.8181
case_2690,0.6857,0.6645,0.7419,0.6888,0.7087
case_2691,0.7871,0.7932,0.8201,0.7974,0.8001
case_2692,0.8974,0.89,0.9253,0.9113,0.894
case_2693,0.7382,0.7369,0.7422,0.7332,0.7491
case_2694,0.7896,0.7943,0.8453,0.7639,0.8011
case_2695,0.7163,0.726,0.7383,0.7348,0.7373
case_2696,0.7831,0.7898,0.8217,0.8011,0.7869
case_2697,0.745,0.7664,0.7534,0.7456,0.7608
case_2698,0.8207,0.8106,0.854,0.8599,0.8285
case_2699,0.7763,0.7701,0.8082,0.7688,0.7948
case_2700,0.7999,0.8122,0.8902,0.8493,0.8501
case_2701,0.8395,0.8099,0.8795,0.7961,0.8122
case_2702,0.9209,0.8989,0.9533,0.9119,0.9228
case_2703,0.8271,0.8002,0.8119,0.8028,0.8173
case_2704,0.8017,0.7741,0.808,0.7993,0.817
case_2705,0.8194,0.8032,0.7997,0.8117,0.7673
case_2706,0.7937,0.8369,0.781,0.7899,0.8211
case_2707,0.7928,0.8602,0.8347,0.8139,0.846
case_2708,0.827,0.8006,0.8449,0.7998,0.8152
case_2709,0.7667,0.8145,0.8285,0.7809,0.8385
case_2710,0.76,0.7693,0.7679,0.7655,0.7415
case_2711,0.8078,0.8508,0.8547,0.826,0.8623
case_2712,0.7373,0.7641,0.7983,0.7408,0.7408
case_2713,0.9534,0.9235,0.9594,0.9336,0.9162
case_2714,0.7861,0.8391,0.8434,0.8469,0.7915
case_2715,0.7588,0.757,0.791,0.7315,0.7362
case_2716,0.7682,0.7583,0.7898,0.78,0.7509
case_2717,0.718,0.736,0.786,0.7678,0.7732
case_2718,0.8245,0.8315,0.8093,0.7809,0.8044
case_2719,0.8745,0.8686,0.8905,0.8459,0.8483
case_2720,0.8019,0.7958,0.8317,0.8081,0.8126
case_2721,0.8671,0.8792,0.8607,0.8743,0.8319
case_2722,0.7752,0.8025,0.8385,0.7798,0.7971
case_2723,0.8167,0.8215,0.8151,0.8195,0.8212
case_2724,0.8244,0.7971,0.8661,0.8214,0.8369
case_2725,0.8472,0.8726,0.8868,0.8478,0.8344
case_2726,0.7853,0.7698,0.8147,0.7979,0.7657
case_2727,0.7799,0.7687,0.8127,0.7556,0.7867
case_2728,0.8222,0.7962,0.8188,0.8352,0.8163
case_2729,0.7908,0.8193,0.803,0.7726,0.8233
case_2730,0.7815,0.7982,0.8478,0.8198,0.8084
case_2731,0.8166,0.8429,0.8293,0.8513,0.8312
case_2732,0.7635,0.8005,0.8289,0.8041,0.7983
case_2733,0.7283,0.7485,0.8083,0.7865,0.7581
case_2734,0.7595,0.7903,0.771,0.7393,0.7682
case_2735,0.7749,0.7732,0.8105,0.8233,0.7719
case_2736,0.8307,0.8487,0.8658,0.8463,0.8428
case_2737,0.7874,0.8089,0.8165,0.7847,0.8065
case_2738,0.7879,0.8193,0.8411,0.8065,0.771
case_2739,0.8436,0.8175,0.8779,0.8338,0.8402
case_2740,0.7406,0.7279,0.7622,0.7352,0.7687
case_2741,0.8821,0.867,0.8871,0.8906,0.8651
case_2742,0.7406,0.7781,0.7752,0.7722,0.7725
case_2743,0.7231,0.7678,0.7537,0.7437,0.7352
case_2744,0.757,0.7958,0.7968,0.7632,0.7886
case_2745,0.7667,0.7804,0.8051,0.8066,0.7969
case_2746,0.757,0.7725,0.7972,0.7674,0.7557
case_2747,0.7835,0.7919,0.8151,0.7734,0.7681
case_2748,0.8083,0.8145,0.8257,0.7836,0.7913
case_2749,0.7843,0.7737,0.7616,0.7567,0.7893
case_2750,0.8421,0.7843,0.8665,0.8396,0.7971
case_2751,0.793,0.7596,0.7868,0.7449,0.7821
case_2752,0.7759,0.7797,0.8073,0.7843,0.7944
case_2753,0.6764,0.6785,0.7181,0.689,0.6931
case_2754,0.7874,0.823,0.8288,0.8147,0.8107
case_2755,0.8668,0.8294,0.8594,0.7988,0.8643
case_2756,0.8453,0.8174,0.8344,0.8218,0.8466
case_2757,0.7548,0.7238,0.738,0.7391,0.7116
case_2758,0.7401,0.7739,0.7702,0.7484,0.7428
case_2759,0.8153,0.8088,0.831,0.787,0.8523
case_2760,0.7916,0.7703,0.7908,0.7711,0.7824
case_2761,0.7487,0.757,0.7562,0.7585,0.755
case_2762,0.7368,0.7589,0.8089,0.7703,0.7734
case_2763,0.8096,0.818,0.851,0.8329,0.8221
case_2764,0.7887,0.8182,0.7804,0.81,0.7965
case_2765,0.7513,0.7365,0.7747,0.765,0.7705
case_2766,0.7666,0.782,0.8149,0.8074,0.7632
case_2767,0.8596,0.873,0.9114,0.8854,0.8773
case_2768,0.8409,0.8077,0.8492,0.8357,0.8656
case_2769,0.8463,0.8691,0.8866,0.8711,0.8561
case_2770,0.826,0.8273,0.8592,0.8584,0.8106
case_2771,0.7807,0.7985,0.821,0.7669,0.8146
case_2772,0.832,0.8512,0.8982,0.853,0.8066
case_2773,0.8814,0.8723,0.9266,0.9015,0.8685
case_2774,0.6981,0.7362,0.76,0.7018,0.6955
case_2775,0.8129,0.7943,0.8369,0.8282,0.8097
case_2776,0.8488,0.8544,0.8752,0.8544,0.8937
case_2777,0.8164,0.8426,0.8463,0.814,0.8083
case_2778,0.7632,0.7421,0.7546,0.7307,0.7287
case_2779,0.8501,0.8811,0.8911,0.8631,0.9066
case_2780,0.7386,0.7662,0.7461,0.7735,0.7402
case_2781,0.8421,0.8117,0.8359,0.8393,0.823
case_2782,0.7566,0.7977,0.7902,0.7937,0.7891
case_2783,0.8711,0.8681,0.8682,0.8348,0.8547
case_2784,0.8793,0.8682,0.9309,0.8831,0.8694
case_2785,0.8116,0.7821,0.8374,0.8124,0.8336
case_2786,0.796,0.814,0.8218,0.8338,0.8369
case_2787,0.8045,0.7932,0.7793,0.8128,0.7864
case_2788,0.8503,0.8599,0.8765,0.8799,0.8636
case_2789,0.7734,0.8083,0.8654,0.7998,0.8095
case_2790,0.7647,0.7472,0.8055,0.7686,0.7897
case_2791,0.7096,0.7282,0.7602,0.7258,0.7303
case_2792,0.8216,0.8299,0.8771,0.8457,0.8196
case_2793,0.8253,0.8106,0.7975,0.8236,0.7966
case_2794,0.7928,0.8071,0.8039,0.7963,0.8313
case_2795,0.8268,0.8553,0.9055,0.8405,0.8734
case_2796,0.8314,0.8606,0.8516,0.8333,0.8103
case_2797,0.805,0.768,0.7891,0.7817,0.7759
case_2798,0.8105,0.8093,0.8686,0.8122,0.8455
case_2799,0.8293,0.8133,0.8662,0.817,0.8397
case_2800,0.8192,0.8117,0.8428,0.8369,0.8054
case_2801,0.7626,0.7265,0.794,0.746,0.7508
case_2802,0.7673,0.7622,0.7695,0.7823,0.7641
case_2803,0.7924,0.7996,0.8488,0.7968,0.8098
case_2804,0.8009,0.8366,0.8214,0.8187,0.795
case_2805,0.8792,0.8766,0.8786,0.8581,0.8767
case_2806,0.7977,0.7793,0.7852,0.7466,0.8006
case_2807,0.6961,0.6928,0.7303,0.6712,0.6731
case_2808,0.8253,0.7678,0.8423,0.7955,0.8213
case_2809,0.8092,0.7969,0.8153,0.8259,0.8006
case_2810,0.7636,0.7985,0.805,0.7627,0.7831
case_2811,0.839,0.8213,0.8455,0.862,0.8393
case_2812,0.8162,0.7577,0.8307,0.7954,0.8084
case_2813,0.8576,0.8555,0.8518,0.8628,0.849
case_2814,0.8831,0.9086,0.8984,0.8903,0.8743
case_2815,0.73,0.7379,0.7365,0.729,0.7325
case_2816,0.6536,0.6769,0.7109,0.6463,0.6658
case_2817,0.7921,0.8133,0.8252,0.795,0.7815
case_2818,0.8525,0.8376,0.8763,0.8755,0.8421
case_2819,0.7186,0.7419,0.7748,0.6967,0.7174
case_2820,0.8623,0.8401,0.875,0.846,0.8269
case_2821,0.6899,0.6826,0.7047,0.704,0.6845
case_2822,0.7872,0.8377,0.8576,0.8221,0.8317
case_2823,0.8105,0.8063,0.8151,0.7962,0.7965
case_2824,0.7864,0.7775,0.8152,0.8067,0.7954
case_2825,0.7515,0.793,0.7688,0.7457,0.7518
case_2826,0.8564,0.8621,0.8714,0.8398,0.8941
case_2827,0.8629,0.8299,0.8928,0.8637,0.8411
case_2828,0.7938,0.8438,0.8323,0.7942,0.8632
case_2829,0.7261,0.7146,0.7314,0.6729,0.722
case_2830,0.7868,0.7652,0.7882,0.7686,0.788
case_2831,0.7773,0.7815,0.7955,0.7813,0.7736
case_2832,0.7339,0.774,0.7657,0.7449,0.7795
case_2833,0.7952,0.8076,0.8477,0.7788,0.7912
case_2834,0.7862,0.7928,0.797,0.7857,0.8087
case_2835,0.8494,0.8402,0.8517,0.8252,0.7924
case_2836,0.877,0.8742,0.9262,0.9104,0.8414
case_2837,0.7584,0.7821,0.7935,0.7535,0.7819
case_2838,0.7542,0.7558,0.7704,0.7666,0.7521
case_2839,0.8941,0.8329,0.8564,0.8803,0.8865
case_2840,0.823,0.7999,0.8684,0.8229,0.8691
case_2841,0.7761,0.7885,0.8235,0.7601,0.7763
case_2842,0.817,0.8367,0.8258,0.7969,0.8347
case_2843,0.8182,0.7832,0.8338,0.7844,0.8044
case_2844,0.8344,0.8415,0.8634,0.8662,0.8456
case_2845,0.7383,0.742,0.7479,0.7268,0.751
case_2846,0.7572,0.7085,0.7884,0.7315,0.7132
case_2847,0.8506,0.8612,0.8937,0.8958,0.9245
case_2848,0.8538,0.8593,0.9306,0.8448,0.8501
case_2849,0.7636,0.7451,0.763,0.7533,0.7903
case_2850,0.8141,0.8486,0.8831,0.8389,0.8646
case_2851,0.7482,0.7519,0.7906,0.7858,0.7951
case_2852,0.7917,0.8382,0.8151,0.8198,0.7905
case_2853,0.7931,0.8106,0.7925,0.8271,0.7814
case_2854,0.8214,0.8072,0.8289,0.8227,0.8286
case_2855,0.8537,0.8026,0.8212,0.7876,0.8209
case_2856,0.8154,0.8035,0.8422,0.8349,0.8159
case_2857,0.7772,0.812,0.8248,0.8142,0.7653
case_2858,0.7524,0.7429,0.8012,0.7123,0.7618
case_2859,0.7769,0.7906,0.8063,0.7855,0.7891
case_2860,0.7772,0.8075,0.7962,0.7813,0.7976
case_2861,0.733,0.7444,0.7785,0.7158,0.7207
case_2862,0.9263,0.9067,0.9835,0.9785,0.9214
case_2863,0.7911,0.8068,0.8712,0.8196,0.84
case_2864,0.8382,0.812,0.8601,0.8605,0.8322
case_2865,0.7601,0.7927,0.76,0.7623,0.77
case_2866,0.7951,0.783,0.8488,0.7993,0.8139
case_2867,0.8001,0.8156,0.8418,0.845,0.852
case_2868,0.8544,0.8681,0.8614,0.841,0.8595
case_2869,0.8326,0.801,0.7729,0.7945,0.7843
case_2870,0.9201,0.8916,0.9267,0.9282,0.8964
case_2871,0.7785,0.7404,0.7742,0.7947,0.7733
case_2872,0.7506,0.7279,0.7801,0.7721,0.753
case_2873,0.7776,0.7927,0.7957,0.8146,0.8271
case_2874,0.6466,0.6565,0.682,0.6551,0.6648
case_2875,0.9479,0.9294,0.9645,0.9065,0.8966
case_2876,0.8736,0.8614,0.9288,0.893,0.8621
case_2877,0.7211,0.7607,0.7658,0.738,0.7234
case_2878,0.7783,0.7634,0.7983,0.7687,0.7574
case_2879,0.8072,0.8082,0.8175,0.837,0.8432
case_2880,0.8031,0.8094,0.8569,0.813,0.8605
case_2881,0.8383,0.8311,0.8301,0.8013,0.8095
case_2882,0.7455,0.7458,0.7871,0.7776,0.7389
case_2883,0.8312,0.8226,0.868,0.8133,0.8194
case_2884,0.764,0.8277,0.8517,0.7995,0.816
case_2885,0.7802,0.7489,0.7736,0.779,0.7759
case_2886,0.7392,0.7166,0.7427,0.7322,0.7658
case_2887,0.7671,0.7957,0.8609,0.7724,0.8046
case_2888,0.8562,0.862,0.8776,0.8516,0.854
case_2889,0.8266,0.8476,0.8495,0.836,0.8364
case_2890,0.7906,0.8011,0.8144,0.8187,0.8056
case_2891,0.9052,0.8709,0.8845,0.8689,0.889
case_2892,0.8672,0.8167,0.881,0.8558,0.8952
case_2893,0.8361,0.8572,0.8749,0.8471,0.8479
case_2894,0.8215,0.8461,0.8518,0.8454,0.8325
case_2895,0.7452,0.7612,0.7776,0.755,0.7648
case_2896,0.8704,0.8861,0.8875,0.8405,0.8776
case_2897,0.8447,0.8939,0.8805,0.8559,0.9039
case_2898,0.8227,0.8243,0.8665,0.8194,0.8286
case_2899,0.8199,0.8348,0.8215,0.7974,0.7849
case_2900,0.7741,0.753,0.8062,0.7452,0.7377
case_2901,0.8343,0.8362,0.8777,0.8374,0.8826
case_2902,0.8195,0.8191,0.8393,0.7936,0.8165
case_2903,0.7096,0.7576,0.7554,0.7145,0.7207
case_2904,0.7429,0.7645,0.7885,0.7252,0.7383
case_2905,0.7911,0.8068,0.8141,0.7817,0.8433
case_2906,0.7747,0.7737,0.8018,0.7879,0.789
case_2907,0.7733,0.7779,0.8366,0.7749,0.7772
case_2908,0.7999,0.7806,0.8328,0.7644,0.7705
case_2909,0.693,0.6976,0.7373,0.7139,0.6983
case_2910,0.8535,0.8373,0.8397,0.8394,0.8345
case_2911,0.8052,0.7915,0.8348,0.8115,0.8245
case_2912,0.779,0.745,0.7971,0.7977,0.7739
case_2913,0.8339,0.88,0.8826,0.8433,0.8852
case_2914,0.7718,0.7889,0.8038,0.7923,0.7877
case_2915,0.8898,0.9222,0.9044,0.8836,0.9149
case_2916,0.7752,0.8137,0.8151,0.7821,0.7901
case_2917,0.818,0.8286,0.8414,0.8205,0.776
case_2918,0.8702,0.8447,0.8501,0.8374,0.8216
case_2919,0.8177,0.823,0.8735,0.8289,0.8275
case_2920,0.7711,0.7583,0.7864,0.755,0.7482
case_2921,0.7956,0.7777,0.7899,0.8106,0.8051
case_2922,0.8287,0.8649,0.8798,0.8743,0.8516
case_2923,0.7729,0.8047,0.8138,0.7691,0.7611
case_2924,0.8409,0.8438,0.8771,0.8485,0.8552
case_2925,0.7676,0.795,0.808,0.7702,0.771
case_2926,0.6935,0.6955,0.713,0.667,0.6904
case_2927,0.8125,0.8223,0.8376,0.8331,0.8439
case_2928,0.8333,0.8496,0.9091,0.8727,0.8417
case_2929,0.7715,0.7543,0.7643,0.7374,0.7536
case_2930,0.7191,0.7457,0.7593,0.7417,0.7503
case_2931,0.704,0.702,0.7377,0.6957,0.724
case_2932,0.8066,0.7989,0.8684,0.8045,0.7923
case_2933,0.8144,0.7939,0.8322,0.796,0.8081
case_2934,0.7389,0.7252,0.7777,0.7639,0.7557
case_2935,0.868,0.8382,0.8595,0.8574,0.8421
case_2936,0.8617,0.8394,0.8594,0.8665,0.8503
case_2937,0.9295,0.9038,0.917,0.878,0.8702
case_2938,0.898,0.9244,0.8881,0.8855,0.9111
case_2939,0.8797,0.8939,0.9358,0.9242,0.9252
case_2940,0.7679,0.8188,0.8412,0.8255,0.8222
case_2941,0.7936,0.7566,0.8219,0.7659,0.7661
case_2942,0.8209,0.8151,0.8512,0.8037,0.8482
case_2943,0.7152,0.7303,0.7826,0.7551,0.7113
case_2944,0.9092,0.913,0.9193,0.9365,0.9202
case_2945,0.7487,0.7812,0.7776,0.782,0.7911
case_2946,0.7728,0.8341,0.8432,0.7742,0.7903
case_2947,0.8503,0.8802,0.9102,0.8194,0.8213
case_2948,0.8227,0.7978,0.8805,0.8239,0.8419
case_2949,0.8038,0.7884,0.8481,0.7992,0.7891
case_2950,0.7421,0.7793,0.7819,0.7647,0.7731
case_2951,0.7765,0.7677,0.7746,0.7683,0.789
case_2952,0.8997,0.9003,0.9379,0.9505,0.8988
case_2953,0.7236,0.7602,0.8055,0.7586,0.7489
case_2954,0.7962,0.7985,0.8419,0.804,0.7806
case_2955,0.7966,0.7841,0.8018,0.792,0.7957
case_2956,0.7064,0.6968,0.7013,0.6897,0.7208
case_2957,0.8094,0.8007,0.852,0.7871,0.7923
case_2958,0.8082,0.7918,0.8103,0.7879,0.794
case_2959,0.8316,0.8809,0.883,0.8632,0.8683
case_2960,0.8322,0.8196,0.8127,0.8211,0.826
case_2961,0.8092,0.823,0.8764,0.8047,0.8311
case_2962,0.8345,0.8739,0.8852,0.8569,0.8726
case_2963,0.8148,0.8232,0.8072,0.7917,0.8248
case_2964,0.8515,0.8443,0.8688,0.8604,0.85
case_2965,0.7469,0.7102,0.7594,0.7309,0.7585
case_2966,0.8306,0.8535,0.8556,0.8126,0.84
case_2967,0.6716,0.6474,0.7257,0.6961,0.7243
case_2968,0.8667,0.8331,0.8689,0.835,0.8509
case_2969,0.7696,0.7718,0.7781,0.7658,0.747
case_2970,0.7931,0.8309,0.8185,0.7912,0.8207
case_2971,0.7985,0.7871,0.7994,0.7758,0.7883
case_2972,0.7801,0.8041,0.7928,0.8071,0.7737
case_2973,0.7227,0.7423,0.7568,0.7227,0.7625
case_2974,0.7512,0.7584,0.7782,0.7465,0.776
case_2975,0.8369,0.8462,0.894,0.8417,0.8692
case_2976,0.7616,0.7323,0.7769,0.7513,0.7189
case_2977,0.8411,0.8498,0.878,0.8408,0.8904
case_2978,0.9062,0.925,0.9464,0.911,0.9231
case_2979,0.7527,0.7715,0.8158,0.8073,0.7892
case_2980,0.809,0.8524,0.8246,0.8115,0.8263
case_2981,0.7816,0.776,0.8309,0.7635,0.7932
case_2982,0.839,0.8454,0.8784,0.8427,0.8607
case_2983,0.8387,0.8751,0.8756,0.879,0.8739
case_2984,0.7276,0.7106,0.7847,0.7143,0.7261
case_2985,0.7504,0.7232,0.7431,0.7587,0.7498
case_2986,0.7459,0.7462,0.765,0.747,0.7781
case_2987,0.8271,0.8434,0.8559,0.8311,0.8214
case_2988,0.8216,0.8387,0.8407,0.8401,0.8227
case_2989,0.7786,0.81,0.8274,0.828,0.812
case_2990,0.7906,0.7939,0.8082,0.7592,0.8197
case_2991,0.7653,0.7928,0.7649,0.7613,0.771
case_2992,0.7973,0.8105,0.8138,0.8172,0.844
case_2993,0.9772,0.9628,1.0,0.9543,0.9982
case_2994,0.6333,0.6472,0.681,0.6407,0.6838
case_2995,0.7694,0.7419,0.7746,0.7412,0.7226
case_2996,0.8381,0.8243,0.8675,0.8436,0.8227
case_2997,0.751,0.7453,0.7847,0.7831,0.7855
case_2998,0.7635,0.7769,0.8319,0.8214,0.7789
case_2999,0.765,0.7511,0.798,0.7746,0.7674
case_3000,0.6962,0.7236,0.7229,0.7266,0.6819
case_3001,0.7713,0.7928,0.7886,0.7758,0.7792
case_3002,0.7799,0.7901,0.8053,0.8122,0.828
case_3003,0.8457,0.8681,0.8841,0.8727,0.877
case_3004,0.7738,0.783,0.7986,0.7752,0.7842
case_3005,0.7714,0.7867,0.8016,0.7914,0.7838
case_3006,0.7675,0.7665,0.8005,0.767,0.7828
case_3007,0.8583,0.8537,0.8667,0.88,0.8814
case_3008,0.8037,0.7802,0.8429,0.8238,0.8314
case_3009,0.7863,0.8419,0.8016,0.8084,0.8438
case_3010,0.8292,0.8566,0.882,0.7983,0.8414
case_3011,0.7569,0.7613,0.8117,0.7645,0.7354
case_3012,0.7735,0.7543,0.7976,0.7626,0.7674
case_3013,0.7825,0.7869,0.7886,0.7235,0.7602
case_3014,0.8691,0.908,0.9181,0.8647,0.8551
case_3015,0.6774,0.7038,0.7094,0.7,0.6988
case_3016,0.7547,0.7813,0.7609,0.7786,0.753
case_3017,0.8443,0.8509,0.8787,0.8543,0.8472
case_3018,0.8233,0.8218,0.8196,0.8152,0.8288
case_3019,0.8949,0.864,0.8946,0.8783,0.8997
case_3020,0.7535,0.7299,0.7861,0.7756,0.7532
case_3021,0.6844,0.6955,0.7111,0.7009,0.7145
case_3022,0.7476,0.7638,0.7806,0.7708,0.7619
case_3023,0.861,0.8752,0.8594,0.8813,0.8496
case_3024,0.7552,0.7822,0.8053,0.7976,0.7694
case_3025,0.8177,0.809,0.869,0.8284,0.8338
case_3026,0.7636,0.7819,0.8121,0.7874,0.7938
case_3027,0.8273,0.8294,0.8493,0.8274,0.8093
case_3028,0.8647,0.8837,0.9409,0.8675,0.8926
case_3029,0.8746,0.853,0.866,0.8704,0.8657
case_3030,0.8,0.7783,0.7994,0.7919,0.7843
case_3031,0.738,0.7306,0.7516,0.7315,0.746
case_3032,0.7643,0.7557,0.7881,0.7616,0.7516
case_3033,0.7986,0.7803,0.8119,0.7731,0.8056
case_3034,0.7575,0.7329,0.7317,0.7492,0.7607
case_3035,0.8331,0.8353,0.8749,0.8571,0.8513
case_3036,0.8451,0.8731,0.8888,0.8445,0.846
case_3037,0.7092,0.7153,0.7297,0.6996,0.7627
case_3038,0.7092,0.7089,0.769,0.7236,0.7476
case_3039,0.7894,0.8102,0.8317,0.8397,0.8155
case_3040,0.719,0.7194,0.7561,0.7417,0.7169
case_3041,0.8456,0.8296,0.8773,0.8154,0.8152
case_3042,0.9128,0.8966,0.9451,0.9074,0.8978
case_3043,0.8367,0.8185,0.8484,0.8205,0.8258
case_3044,0.7945,0.7847,0.8178,0.8033,0.7963
case_3045,0.7852,0.8134,0.8234,0.8084,0.8006
case_3046,0.8434,0.8528,0.8644,0.8553,0.8558
case_3047,0.7587,0.7793,0.765,0.7408,0.7736
case_3048,0.7359,0.7693,0.7505,0.7594,0.7295
case_3049,0.8034,0.8098,0.8323,0.8219,0.8345
case_3050,0.7997,0.7875,0.8336,0.8017,0.7994
case_3051,0.7924,0.8305,0.7926,0.8006,0.8071
case_3052,0.8239,0.797,0.8241,0.8169,0.8127
case_3053,0.7836,0.7634,0.8129,0.7732,0.7877
case_3054,0.7284,0.7111,0.7089,0.7423,0.7371
case_3055,0.8313,0.8011,0.8154,0.8473,0.8363
case_3056,0.8372,0.8649,0.8679,0.8484,0.8492
case_3057,0.8355,0.8581,0.8562,0.8648,0.8524
case_3058,0.6807,0.6864,0.7183,0.6893,0.7164
case_3059,0.8649,0.8645,0.8873,0.8585,0.8415
case_3060,0.8127,0.7923,0.8624,0.8339,0.8272
case_3061,0.814,0.859,0.8279,0.7945,0.8444
case_3062,0.6855,0.6913,0.6961,0.6989,0.6902
case_3063,0.7948,0.7918,0.8031,0.7879,0.7728
case_3064,0.8228,0.8093,0.8552,0.8358,0.8396
case_3065,0.861,0.8195,0.8951,0.8612,0.8754
case_3066,0.8495,0.9121,0.9026,0.9037,0.8955
case_3067,0.7522,0.7384,0.7732,0.7531,0.742
case_3068,0.8112,0.8583,0.8872,0.8373,0.8089
case_3069,0.7225,0.7083,0.7547,0.7319,0.7295
case_3070,0.754,0.7815,0.8095,0.8114,0.7763
case_3071,0.7082,0.7496,0.7754,0.7736,0.7712
case_3072,0.6642,0.6855,0.7125,0.6943,0.7034
case_3073,0.8105,0.8051,0.8069,0.8084,0.7625
case_3074,0.9026,0.8787,0.8934,0.8416,0.8707
case_3075,0.777,0.8033,0.8444,0.7569,0.787
case_3076,0.7733,0.7484,0.8041,0.7779,0.7739
case_3077,0.8994,0.9185,0.9482,0.937,0.8853
case_3078,0.7875,0.8226,0.8194,0.8375,0.8127
case_3079,0.8152,0.8109,0.8093,0.7918,0.8086
case_3080,0.8184,0.8198,0.8074,0.7803,0.7667
case_3081,0.8709,0.8979,0.9238,0.9189,0.8872
case_3082,0.7941,0.7899,0.8078,0.7695,0.8013
case_3083,0.8708,0.8207,0.8747,0.8689,0.8573
case_3084,0.8814,0.8412,0.8629,0.8529,0.87
case_3085,0.7055,0.7112,0.7012,0.7259,0.6976
case_3086,0.7557,0.749,0.7479,0.716,0.7396
case_3087,0.8676,0.8545,0.8435,0.8091,0.865
case_3088,0.7572,0.7847,0.765,0.7553,0.7577
case_3089,0.8419,0.8189,0.8408,0.8161,0.8303
case_3090,0.8113,0.8482,0.788,0.8186,0.8082
case_3091,0.8505,0.785,0.8252,0.8289,0.8512
case_3092,0.7746,0.766,0.7784,0.7812,0.773
case_3093,0.7977,0.8088,0.8333,0.8002,0.806
case_3094,0.7158,0.741,0.7525,0.7443,0.746
case_3095,0.6301,0.6333,0.6564,0.6487,0.6488
case_3096,0.8268,0.8406,0.876,0.8202,0.8627
case_3097,0.7197,0.6928,0.7485,0.7432,0.7102
case_3098,0.8186,0.7781,0.8675,0.8239,0.8629
case_3099,0.8342,0.803,0.827,0.7989,0.8337
case_3100,0.8033,0.7995,0.8401,0.8012,0.8101
case_3101,0.8331,0.8569,0.8746,0.8392,0.8589
case_3102,0.8662,0.8741,0.8844,0.9178,0.8627
case_3103,0.7723,0.7694,0.73,0.7878,0.743
case_3104,0.7415,0.699,0.7297,0.7379,0.7383
case_3105,0.8511,0.8593,0.8487,0.8964,0.8521
case_3106,0.8551,0.8794,0.8765,0.8611,0.87
case_3107,0.7116,0.7239,0.7172,0.7225,0.7711
case_3108,0.8325,0.8358,0.8634,0.8448,0.8403
case_3109,0.8903,0.8758,0.8703,0.8434,0.8657
case_3110,0.7647,0.7562,0.7925,0.7648,0.7967
case_3111,0.7846,0.8201,0.8328,0.8078,0.8325
case_3112,0.7781,0.7771,0.7946,0.7591,0.7772
case_3113,0.8125,0.8005,0.8427,0.7996,0.8217
case_3114,0.7761,0.7862,0.8081,0.774,0.7794
case_3115,0.8076,0.8588,0.8664,0.8199,0.8317
case_3116,0.7514,0.7833,0.7796,0.784,0.7688
case_3117,0.7832,0.8353,0.8418,0.781,0.7759
case_3118,0.8886,0.8678,0.9073,0.886,0.8972
case_3119,0.7113,0.7151,0.7441,0.7143,0.7143
case_3120,0.7849,0.8043,0.7935,0.7929,0.7759
case_3121,0.8539,0.8332,0.8497,0.8171,0.8288
case_3122,0.7951,0.814,0.8463,0.7903,0.8359
case_3123,0.8101,0.7967,0.8355,0.7956,0.783
case_3124,0.7458,0.7275,0.7501,0.7241,0.7491
case_3125,0.8082,0.7982,0.8182,0.7971,0.7935
case_3126,0.7638,0.7418,0.7836,0.7572,0.7729
case_3127,0.6741,0.6823,0.6995,0.674,0.6639
case_3128,0.8357,0.8157,0.8807,0.8067,0.8086
case_3129,0.6898,0.729,0.745,0.7506,0.6994
case_3130,0.8394,0.8263,0.8188,0.8422,0.8509
case_3131,0.8028,0.8027,0.7822,0.7428,0.765
case_3132,0.8513,0.8655,0.8843,0.8802,0.8299
case_3133,0.8155,0.8059,0.7944,0.8207,0.7881
case_3134,0.8097,0.7825,0.8201,0.8395,0.8183
case_3135,0.8388,0.8691,0.8914,0.833,0.8631
case_3136,0.8899,0.8353,0.8851,0.879,0.8804
case_3137,0.8067,0.8,0.8099,0.8125,0.8092
case_3138,0.7554,0.7642,0.7747,0.7775,0.755
case_3139,0.8578,0.87,0.9178,0.8967,0.8352
case_3140,0.7938,0.8035,0.8383,0.8151,0.8241
case_3141,0.8073,0.814,0.8135,0.7777,0.8433
case_3142,0.741,0.728,0.7808,0.745,0.738
case_3143,0.7467,0.7165,0.7645,0.696,0.7287
case_3144,0.8338,0.8692,0.869,0.8566,0.8132
case_3145,0.7891,0.7854,0.8265,0.7818,0.8373
case_3146,0.788,0.8061,0.8041,0.7779,0.7868
case_3147,0.9348,0.8833,0.9557,0.9075,0.9065
case_3148,0.7651,0.8116,0.8259,0.7701,0.7787
case_3149,0.859,0.8581,0.8901,0.8545,0.8505
case_3150,0.8913,0.8615,0.8871,0.8561,0.8455
case_3151,0.7698,0.8075,0.8043,0.7672,0.7627
case_3152,0.8225,0.8026,0.8406,0.8173,0.8404
case_3153,0.6795,0.6919,0.7224,0.7073,0.7163
case_3154,0.7747,0.7588,0.7916,0.7994,0.7461
case_3155,0.7717,0.7846,0.81,0.7475,0.7982
case_3156,0.8335,0.8365,0.848,0.8389,0.8112
case_3157,0.903,0.864,0.9557,0.8882,0.9037
case_3158,0.7857,0.7688,0.7774,0.7756,0.7844
case_3159,0.764,0.7603,0.7701,0.7678,0.7456
case_3160,0.6974,0.7084,0.737,0.6798,0.7046
case_3161,0.8834,0.8984,0.9028,0.9053,0.8811
case_3162,0.751,0.7514,0.762,0.7295,0.7269
case_3163,0.6742,0.7174,0.7018,0.7279,0.6954
case_3164,0.807,0.7688,0.8135,0.7915,0.7884
case_3165,0.7434,0.7567,0.7773,0.7597,0.7615
case_3166,0.7867,0.7859,0.7947,0.7512,0.7571
case_3167,0.8172,0.8163,0.8506,0.8425,0.8328
case_3168,0.8962,0.8795,0.8956,0.8965,0.9061
case_3169,0.7231,0.7193,0.7559,0.7139,0.7349
case_3170,0.8861,0.8761,0.8982,0.858,0.8837
case_3171,0.8489,0.8539,0.8823,0.8628,0.8205
case_3172,0.8542,0.8237,0.886,0.8736,0.853
case_3173,0.8317,0.838,0.8376,0.8176,0.7905
case_3174,0.7934,0.8017,0.8253,0.8319,0.8475
case_3175,0.8045,0.8067,0.812,0.7871,0.7832
case_3176,0.8057,0.8605,0.8596,0.834,0.8444
case_3177,0.7008,0.7362,0.7333,0.716,0.73
case_3178,0.8532,0.8361,0.8392,0.8275,0.8374
case_3179,0.7625,0.788,0.7663,0.7784,0.7698
case_3180,0.7982,0.8027,0.8598,0.7824,0.7872
case_3181,0.8726,0.8959,0.8867,0.9141,0.9094
case_3182,0.713,0.7116,0.7483,0.7324,0.7017
case_3183,0.9075,0.8877,0.877,0.8645,0.8815
case_3184,0.6863,0.7131,0.749,0.7004,0.7168
case_3185,0.7541,0.7373,0.7494,0.7415,0.7632
case_3186,0.7351,0.7726,0.8108,0.7545,0.7774
case_3187,0.7228,0.7567,0.7653,0.7393,0.7663
case_3188,0.723,0.7545,0.7786,0.7506,0.7463
case_3189,0.7974,0.8453,0.8693,0.817,0.8431
case_3190,0.7565,0.776,0.7945,0.7494,0.7743
case_3191,0.8351,0.7975,0.8656,0.7695,0.7967
case_3192,0.7077,0.6894,0.7332,0.6646,0.6729
case_3193,0.7398,0.7826,0.8308,0.794,0.8106
case_3194,0.761,0.8088,0.7854,0.7644,0.7954
case_3195,0.8163,0.8339,0.8301,0.8222,0.8024
case_3196,0.8037,0.8063,0.866,0.8187,0.8438
case_3197,0.6698,0.6857,0.6763,0.671,0.6556
case_3198,0.7876,0.7944,0.8475,0.8114,0.774
case_3199,0.8739,0.8846,0.859,0.8528,0.8612
case_3200,0.7571,0.7686,0.7587,0.7294,0.7111
case_3201,0.8432,0.8237,0.8814,0.8885,0.8619
case_3202,0.805,0.755,0.8055,0.7753,0.7963
case_3203,0.8044,0.7918,0.833,0.8005,0.8239
case_3204,0.7572,0.7573,0.7613,0.7491,0.7533
case_3205,0.7388,0.7474,0.7746,0.775,0.7771
case_3206,0.8289,0.8407,0.8824,0.847,0.849
case_3207,0.7834,0.8033,0.8293,0.7963,0.815
case_3208,0.6585,0.6721,0.6806,0.6697,0.6519
case_3209,0.8066,0.8528,0.8626,0.8452,0.8614
case_3210,0.6915,0.6912,0.7087,0.6735,0.6852
case_3211,0.8403,0.8369,0.8361,0.8191,0.82
case_3212,0.8266,0.8353,0.8432,0.8059,0.8197
case_3213,0.797,0.7562,0.822,0.8055,0.7594
case_3214,0.7986,0.8089,0.8327,0.7687,0.7915
case_3215,0.6439,0.6598,0.6672,0.6358,0.648
case_3216,0.8274,0.8227,0.8418,0.7917,0.787
case_3217,0.8434,0.8583,0.8652,0.8555,0.8552
case_3218,0.893,0.8902,0.8844,0.8813,0.9068
case_3219,0.7794,0.835,0.8508,0.831,0.8091
case_3220,0.8258,0.8478,0.8565,0.8273,0.8533
case_3221,0.8061,0.8118,0.8435,0.8815,0.8015
case_3222,0.8952,0.9014,0.9406,0.9581,0.9373
case_3223,0.8533,0.8701,0.8721,0.8155,0.8474
case_3224,0.7995,0.7857,0.7935,0.7888,0.816
case_3225,0.8576,0.8427,0.8855,0.8563,0.8495
case_3226,0.8569,0.81,0.8768,0.8372,0.8492
case_3227,0.8198,0.8428,0.8617,0.854,0.8382
case_3228,0.7763,0.7726,0.7957,0.784,0.6958
case_3229,0.8857,0.9091,0.9105,0.8856,0.9024
case_3230,0.7876,0.8032,0.7656,0.8015,0.7896
case_3231,0.7485,0.7603,0.7883,0.7386,0.7368
case_3232,0.8397,0.8164,0.8249,0.852,0.8185
case_3233,0.7921,0.7944,0.8426,0.7779,0.7868
case_3234,0.7273,0.7122,0.7197,0.7319,0.7164
case_3235,0.8074,0.8203,0.8427,0.8322,0.8113
case_3236,0.7409,0.7722,0.7843,0.7355,0.7394
case_3237,0.7963,0.7969,0.8411,0.796,0.8376
case_3238,0.8136,0.8185,0.8618,0.8036,0.855
case_3239,0.8442,0.8475,0.8644,0.8173,0.846
case_3240,0.808,0.7929,0.8317,0.8349,0.788
case_3241,0.7699,0.7555,0.7889,0.8062,0.7674
case_3242,0.8417,0.8607,0.8339,0.8354,0.8086
case_3243,0.8565,0.8292,0.8674,0.8381,0.8308
case_3244,0.7013,0.6766,0.7537,0.7003,0.718
case_3245,0.7993,0.7955,0.811,0.7788,0.8258
case_3246,0.759,0.7564,0.801,0.7618,0.7929
case_3247,0.8247,0.8297,0.8438,0.8249,0.8542
case_3248,0.7469,0.7747,0.802,0.7906,0.7662
case_3249,0.8482,0.8196,0.8403,0.8111,0.8379
case_3250,0.7699,0.773,0.807,0.8135,0.8083
case_3251,0.7708,0.7749,0.7985,0.7522,0.8012
case_3252,0.8067,0.8194,0.8307,0.8544,0.8218
case_3253,0.7963,0.7937,0.7921,0.8232,0.7792
case_3254,0.7966,0.7875,0.7981,0.7916,0.7495
case_3255,0.7793,0.7976,0.8593,0.8219,0.7908
case_3256,0.8821,0.8742,0.8889,0.8526,0.9018
case_3257,0.8049,0.7538,0.8054,0.7715,0.7773
case_3258,0.8475,0.7977,0.8637,0.8437,0.8655
case_3259,0.7321,0.7091,0.8005,0.7172,0.7439
case_3260,0.8297,0.8587,0.8748,0.804,0.8295
case_3261,0.7574,0.7935,0.8321,0.7839,0.8018
case_3262,0.8429,0.892,0.8681,0.8534,0.8441
case_3263,0.7736,0.7773,0.7774,0.7759,0.7952
case_3264,0.7357,0.7573,0.7723,0.7523,0.7913
case_3265,0.8333,0.8413,0.8813,0.865,0.8663
case_3266,0.8465,0.9047,0.8897,0.8905,0.878
case_3267,0.7126,0.7629,0.7458,0.7437,0.7419
case_3268,0.7389,0.7705,0.7555,0.7066,0.731
case_3269,0.8106,0.8121,0.8242,0.8059,0.8155
case_3270,0.7145,0.7385,0.7489,0.6996,0.72
case_3271,0.7013,0.6885,0.7165,0.7179,0.69
case_3272,0.839,0.8439,0.8745,0.8469,0.8664
case_3273,0.8006,0.7973,0.8522,0.8188,0.8223
case_3274,0.8165,0.8054,0.8238,0.7901,0.7983
case_3275,0.7807,0.7606,0.7915,0.7849,0.7507
case_3276,0.7222,0.747,0.7503,0.73,0.7152
case_3277,0.7496,0.7905,0.8205,0.8046,0.7579
case_3278,0.8442,0.8328,0.8311,0.8511,0.8077
case_3279,0.7348,0.6974,0.7319,0.749,0.7139
case_3280,0.6705,0.7037,0.7094,0.6816,0.6749
case_3281,0.7807,0.7441,0.7975,0.7498,0.7388
case_3282,0.795,0.7953,0.8049,0.8064,0.7895
case_3283,0.7398,0.7411,0.76,0.7203,0.7358
case_3284,0.8231,0.7649,0.817,0.7767,0.7824
case_3285,0.8574,0.8651,0.8897,0.8727,0.8488
case_3286,0.8021,0.8229,0.8273,0.8124,0.7948
case_3287,0.7446,0.737,0.7701,0.739,0.7584
case_3288,0.866,0.8555,0.8741,0.8884,0.8628
case_3289,0.8243,0.8715,0.8497,0.8441,0.8253
case_3290,0.863,0.8791,0.8832,0.8733,0.8825
case_3291,0.8142,0.8169,0.8517,0.7874,0.8609
case_3292,0.734,0.7462,0.7503,0.7402,0.7308
case_3293,0.7096,0.8065,0.7752,0.7356,0.7573
case_3294,0.7883,0.8179,0.8501,0.8303,0.8331
case_3295,0.9165,0.8927,0.9568,0.9286,0.9173
case_3296,0.7454,0.7598,0.7873,0.7576,0.767
case_3297,0.7716,0.7611,0.8125,0.7712,0.7559
case_3298,0.8752,0.8682,0.8625,0.8475,0.8498
case_3299,0.7725,0.7533,0.779,0.7833,0.7486
case_3300,0.6927,0.7734,0.7428,0.7146,0.7346
case_3301,0.8182,0.7873,0.8154,0.793,0.8058
case_3302,0.7027,0.7226,0.6935,0.722,0.7195
case_3303,0.851,0.8407,0.8633,0.8402,0.8372
case_3304,0.8373,0.8431,0.8601,0.827,0.8488
case_3305,0.7737,0.7602,0.8028,0.7726,0.7783
case_3306,0.8118,0.7705,0.8306,0.7818,0.7482
case_3307,0.7556,0.706,0.7756,0.7982,0.7584
case_3308,0.7245,0.7477,0.7526,0.7358,0.6935
case_3309,0.7567,0.7999,0.7838,0.7873,0.7779
case_3310,0.8096,0.817,0.8484,0.8005,0.8345
case_3311,0.802,0.7648,0.8247,0.7944,0.8076
case_3312,0.8973,0.9241,0.9172,0.9196,0.8972
case_3313,0.7211,0.7115,0.715,0.6843,0.6926
case_3314,0.8237,0.824,0.8285,0.8156,0.8201
case_3315,0.8576,0.8855,0.8934,0.8355,0.8798
case_3316,0.8401,0.8445,0.8778,0.874,0.8838
case_3317,0.8333,0.8082,0.8214,0.8209,0.816
case_3318,0.7661,0.8075,0.7675,0.8125,0.8043
case_3319,0.8852,0.8949,0.9371,0.8846,0.9245
case_3320,0.7855,0.7846,0.7957,0.7715,0.7696
case_3321,0.8427,0.8445,0.845,0.8617,0.8734
case_3322,0.8361,0.8325,0.8605,0.8376,0.8361
case_3323,0.8976,0.932,0.9215,0.8907,0.9238
case_3324,0.8767,0.853,0.8977,0.8462,0.8756
case_3325,0.7201,0.7329,0.7678,0.7318,0.7283
case_3326,0.8062,0.8108,0.8221,0.8104,0.796
case_3327,0.8567,0.8284,0.868,0.8767,0.8405
case_3328,0.7718,0.7644,0.8207,0.7953,0.7774
case_3329,0.7648,0.7808,0.7723,0.7661,0.8
case_3330,0.8663,0.8717,0.8605,0.8618,0.8778
case_3331,0.8197,0.8045,0.8728,0.8574,0.8102
case_3332,0.7434,0.7506,0.7635,0.7819,0.764
case_3333,0.748,0.7209,0.7478,0.7514,0.7354
case_3334,0.803,0.8349,0.8197,0.81,0.8627
case_3335,0.7892,0.8017,0.8069,0.8009,0.7754
case_3336,0.8656,0.8447,0.8741,0.8435,0.8406
case_3337,0.7627,0.7945,0.7981,0.8015,0.747
case_3338,0.7379,0.6914,0.7298,0.744,0.7372
case_3339,0.7611,0.778,0.7885,0.7292,0.7662
case_3340,0.7451,0.7467,0.7688,0.7536,0.753
case_3341,0.8322,0.8162,0.8396,0.8217,0.804
case_3342,0.7682,0.7985,0.8271,0.7909,0.8279
case_3343,0.8069,0.8383,0.8307,0.8025,0.8141
case_3344,0.8027,0.7816,0.8191,0.8014,0.7806
case_3345,0.7613,0.7728,0.7604,0.7472,0.7599
case_3346,0.6854,0.6834,0.7195,0.6971,0.6997
case_3347,0.7518,0.7545,0.7467,0.734,0.7551
case_3348,0.8775,0.8754,0.8758,0.8929,0.8366
case_3349,0.6719,0.728,0.7395,0.7194,0.7385
case_3350,0.783,0.788,0.804,0.7799,0.8005
case_3351,0.8824,0.8568,0.8951,0.8429,0.9045
case_3352,0.7312,0.746,0.7818,0.7525,0.7446
case_3353,0.7841,0.7913,0.8235,0.8168,0.812
case_3354,0.7481,0.7616,0.7821,0.7941,0.7818
case_3355,0.747,0.7407,0.7442,0.7637,0.7453
case_3356,0.8742,0.8645,0.8978,0.8513,0.8745
case_3357,0.715,0.7295,0.8043,0.766,0.7365
case_3358,0.7586,0.8043,0.8118,0.7479,0.7832
case_3359,0.7882,0.7811,0.8294,0.7962,0.7916
case_3360,0.8106,0.8046,0.7821,0.7879,0.791
case_3361,0.7795,0.7818,0.7963,0.8018,0.7942
case_3362,0.8598,0.9003,0.9511,0.8927,0.8453
case_3363,0.7874,0.8056,0.7606,0.7901,0.7971
case_3364,0.8238,0.7585,0.795,0.8182,0.8103
case_3365,0.7457,0.7811,0.7917,0.7611,0.7446
case_3366,0.7982,0.7713,0.7961,0.8408,0.8174
case_3367,0.7474,0.7662,0.8019,0.7875,0.7969
case_3368,0.8279,0.7946,0.7784,0.7851,0.7875
case_3369,0.8085,0.8255,0.8578,0.8491,0.8352
case_3370,0.7576,0.7553,0.7923,0.7409,0.7709
case_3371,0.8916,0.8872,0.9036,0.902,0.8987
case_3372,0.876,0.886,0.9023,0.8792,0.9165
case_3373,0.7358,0.7655,0.7388,0.7617,0.7089
case_3374,0.8053,0.7951,0.7813,0.7867,0.8072
case_3375,0.829,0.8125,0.8293,0.8314,0.8133
case_3376,0.7267,0.7204,0.7592,0.7532,0.7548
case_3377,0.8573,0.8711,0.9043,0.8532,0.8648
case_3378,0.8366,0.8157,0.8527,0.8517,0.8657
case_3379,0.8665,0.8202,0.8409,0.8514,0.8506
case_3380,0.8775,0.8733,0.9395,0.884,0.894
case_3381,0.8067,0.802,0.8311,0.8047,0.7897
case_3382,0.7935,0.7959,0.8058,0.7875,0.7946
case_3383,0.77,0.7985,0.8193,0.8068,0.7923
case_3384,0.7467,0.7689,0.8224,0.801,0.7917
case_3385,0.8176,0.8132,0.8377,0.8445,0.8538
case_3386,0.9478,0.8991,0.9563,0.8937,0.9335
case_3387,0.8018,0.7905,0.8027,0.808,0.7496
case_3388,0.7242,0.719,0.7139,0.7156,0.7346
case_3389,0.7212,0.6876,0.7491,0.7422,0.7231
case_3390,0.7958,0.8031,0.8454,0.7835,0.8301
case_3391,0.8156,0.7748,0.8262,0.8338,0.8443
case_3392,0.8516,0.8882,0.8895,0.8572,0.8698
case_3393,0.7937,0.7388,0.7767,0.7797,0.7644
case_3394,0.7036,0.7275,0.7499,0.7088,0.7181
case_3395,0.8581,0.8445,0.8567,0.8296,0.836
case_3396,0.7883,0.7819,0.8409,0.7926,0.7969
case_3397,0.8149,0.8177,0.8337,0.8326,0.8308
case_3398,0.7793,0.7717,0.7918,0.7463,0.7702
case_3399,0.8411,0.8442,0.8719,0.8655,0.8391
case_3400,0.7332,0.7674,0.7732,0.7743,0.7543
case_3401,0.7568,0.7554,0.7965,0.7149,0.7488
case_3402,0.7834,0.8151,0.8464,0.8078,0.8064
case_3403,0.8237,0.8266,0.8446,0.8111,0.8332
case_3404,0.7972,0.8086,0.7927,0.813,0.7778
case_3405,0.802,0.8527,0.8391,0.8429,0.8329
case_3406,0.9532,0.9383,0.9497,0.9002,0.9139
case_3407,0.8883,0.8575,0.8541,0.8643,0.8405
case_3408,0.7784,0.7906,0.8128,0.789,0.7805
case_3409,0.8501,0.8769,0.904,0.8781,0.8692
case_3410,0.7693,0.7541,0.7827,0.7711,0.7368
case_3411,0.834,0.8217,0.8504,0.8179,0.8046
case_3412,0.7881,0.819,0.8161,0.8044,0.7606
case_3413,0.7269,0.7676,0.7592,0.7036,0.7239
case_3414,0.7493,0.8097,0.8057,0.7925,0.7701
case_3415,0.7893,0.795,0.8109,0.7866,0.7981
case_3416,0.8678,0.8721,0.9254,0.8552,0.9261
case_3417,0.7405,0.7724,0.7406,0.7472,0.766
case_3418,0.8786,0.9275,0.9308,0.8985,0.9093
case_3419,0.7391,0.7721,0.7366,0.7587,0.7549
case_3420,0.7442,0.746,0.7588,0.766,0.7662
case_3421,0.7531,0.7464,0.8043,0.7201,0.78
case_3422,0.8852,0.9238,0.9387,0.867,0.8853
case_3423,0.777,0.8056,0.7952,0.7908,0.8174
case_3424,0.7249,0.7407,0.7465,0.7397,0.7609
case_3425,0.8517,0.8607,0.898,0.8558,0.857
case_3426,0.8092,0.8027,0.8169,0.8274,0.8055
case_3427,0.8468,0.8432,0.8879,0.8684,0.8275
case_3428,0.7421,0.7576,0.7873,0.8133,0.7984
case_3429,0.8214,0.782,0.7569,0.8235,0.8003
case_3430,0.8344,0.8411,0.8296,0.8525,0.8454
case_3431,0.863,0.8783,0.8707,0.8463,0.8328
case_3432,0.7702,0.7635,0.7589,0.7428,0.7613
case_3433,0.7983,0.7949,0.8014,0.7883,0.7886
case_3434,0.8533,0.8121,0.8563,0.8234,0.8406
case_3435,0.7486,0.7844,0.8072,0.7424,0.767
case_3436,0.7947,0.8039,0.8556,0.8015,0.7928
case_3437,0.7504,0.7381,0.764,0.75,0.7906
case_3438,0.8173,0.8366,0.8169,0.8073,0.8223
case_3439,0.775,0.8109,0.7997,0.8098,0.805
case_3440,0.9198,0.9718,0.9505,0.9196,0.9457
case_3441,0.842,0.8707,0.8924,0.8427,0.899
case_3442,0.7863,0.807,0.7757,0.7597,0.785
case_3443,0.749,0.7931,0.7605,0.7454,0.7672
case_3444,0.6815,0.6981,0.7883,0.6954,0.7156
case_3445,0.7215,0.7263,0.7836,0.7316,0.7775
case_3446,0.7196,0.8039,0.7939,0.7761,0.7621
case_3447,0.6937,0.6766,0.7208,0.6908,0.6949
case_3448,0.8673,0.8674,0.8815,0.8627,0.89
case_3449,0.7241,0.7217,0.7428,0.746,0.6959
case_3450,0.737,0.7222,0.753,0.7236,0.7276
case_3451,0.8053,0.8359,0.8312,0.8027,0.7989
case_3452,0.8433,0.8029,0.8447,0.8449,0.8597
case_3453,0.7779,0.8129,0.836,0.7695,0.7659
case_3454,0.769,0.7917,0.8033,0.7701,0.7906
case_3455,0.7847,0.7936,0.8148,0.8382,0.8684
case_3456,0.7903,0.8022,0.8489,0.8022,0.7849
case_3457,0.8115,0.8142,0.8202,0.8004,0.8046
case_3458,0.7517,0.7506,0.7696,0.7618,0.7598
case_3459,0.7863,0.7826,0.8219,0.8086,0.8004
case_3460,0.8075,0.7716,0.8193,0.7739,0.794
case_3461,0.7218,0.7491,0.732,0.6858,0.7459
case_3462,0.7446,0.7062,0.7318,0.7072,0.7226
case_3463,0.8796,0.8675,0.8618,0.7953,0.8484
case_3464,0.7378,0.7802,0.7705,0.7705,0.7677
case_3465,0.7795,0.8167,0.866,0.8433,0.8511
case_3466,0.8468,0.8722,0.855,0.8584,0.8563
case_3467,0.8244,0.8076,0.8319,0.8009,0.8547
case_3468,0.8052,0.8665,0.8686,0.8155,0.8723
case_3469,0.7371,0.765,0.7881,0.7334,0.7707
case_3470,0.8032,0.8207,0.8619,0.8898,0.8108
case_3471,0.8769,0.909,0.9098,0.8826,0.8476
case_3472,0.8177,0.8543,0.8808,0.8564,0.9271
case_3473,0.6273,0.6652,0.7211,0.6453,0.6587
case_3474,0.8184,0.7665,0.8016,0.8099,0.7997
case_3475,0.8536,0.8744,0.8974,0.8704,0.9303
case_3476,0.8947,0.8654,0.8838,0.8698,0.8984
case_3477,0.7597,0.7425,0.7715,0.7497,0.7769
case_3478,0.7491,0.7578,0.7695,0.745,0.7641
case_3479,0.7057,0.6771,0.7177,0.6705,0.7116
case_3480,0.7374,0.7359,0.7615,0.7418,0.7058
case_3481,0.859,0.832,0.8327,0.8469,0.817
case_3482,0.694,0.677,0.7207,0.6892,0.6994
case_3483,0.8198,0.873,0.904,0.8372,0.8972
case_3484,0.8336,0.7972,0.8429,0.8441,0.7842
case_3485,0.8129,0.789,0.8173,0.8343,0.8152
case_3486,0.8697,0.8579,0.8948,0.8879,0.902
case_3487,0.7567,0.7472,0.8044,0.7762,0.7779
case_3488,0.8352,0.8431,0.8783,0.8382,0.8523
case_3489,0.7802,0.752,0.7837,0.7804,0.7746
case_3490,0.8301,0.8243,0.879,0.802,0.8298
case_3491,0.9017,0.8875,0.8991,0.8601,0.8894
case_3492,0.7959,0.7914,0.8695,0.812,0.7982
case_3493,0.8261,0.8412,0.8683,0.8094,0.846
case_3494,0.8056,0.8076,0.8548,0.8355,0.8023
case_3495,0.8201,0.849,0.8598,0.8176,0.8213
case_3496,0.8068,0.8124,0.8541,0.7896,0.7836
case_3497,0.8498,0.8487,0.88,0.8468,0.8545
case_3498,0.764,0.7683,0.7624,0.734,0.7525
case_3499,0.6906,0.7787,0.7317,0.7099,0.7424
case_3500,0.8506,0.8436,0.8646,0.86,0.8932
case_3501,0.757,0.775,0.7678,0.7394,0.7046
case_3502,0.8855,0.8894,0.9218,0.8938,0.9038
case_3503,0.703,0.7141,0.6986,0.7296,0.7218
case_3504,0.8504,0.8353,0.8481,0.8185,0.8236
case_3505,0.9291,0.9575,0.9486,0.9184,0.8842
case_3506,0.7454,0.7239,0.7795,0.7479,0.7492
case_3507,0.8991,0.8726,0.9091,0.8918,0.8987
case_3508,0.7835,0.7682,0.8144,0.7682,0.7788
case_3509,0.7157,0.7057,0.7497,0.6985,0.7374
case_3510,0.8422,0.8253,0.8566,0.8415,0.8597
case_3511,0.8205,0.8449,0.867,0.8525,0.846
case_3512,0.7928,0.8343,0.8302,0.8163,0.8617
case_3513,0.7781,0.7885,0.8277,0.7845,0.8204
case_3514,0.7085,0.6949,0.7332,0.7093,0.7234
case_3515,0.8701,0.8635,0.8839,0.8322,0.8802
case_3516,0.7974,0.7746,0.7789,0.7649,0.8036
case_3517,0.8835,0.8606,0.8919,0.8698,0.8607
case_3518,0.8082,0.8128,0.8192,0.8191,0.7877
case_3519,0.7935,0.8181,0.8059,0.7626,0.7858
case_3520,0.7463,0.7012,0.7752,0.7384,0.7922
case_3521,0.8281,0.8161,0.8608,0.8147,0.7862
case_3522,0.7802,0.73,0.7703,0.7528,0.7482
case_3523,0.8341,0.8413,0.8876,0.8132,0.8196
case_3524,0.81,0.8066,0.8547,0.8541,0.8043
case_3525,0.8209,0.8063,0.8493,0.8054,0.7854
case_3526,0.8305,0.8097,0.7996,0.7935,0.7888
case_3527,0.7441,0.7538,0.7494,0.7318,0.7245
case_3528,0.8406,0.8722,0.871,0.8793,0.862
case_3529,0.7604,0.7893,0.791,0.7684,0.7644
case_3530,0.6825,0.6889,0.7349,0.7202,0.7062
case_3531,0.8296,0.8509,0.8405,0.862,0.81
case_3532,0.8539,0.8662,0.8778,0.8496,0.8294
case_3533,0.7948,0.8076,0.8211,0.7926,0.8484
case_3534,0.7408,0.7343,0.7524,0.7474,0.7386
case_3535,0.875,0.8783,0.8802,0.888,0.8802
case_3536,0.8228,0.7964,0.867,0.8464,0.8169
case_3537,0.8085,0.8056,0.7982,0.8344,0.7973
case_3538,0.733,0.7657,0.7625,0.7492,0.7633
case_3539,0.802,0.811,0.8354,0.8089,0.8192
case_3540,0.7712,0.7597,0.7874,0.7693,0.8009
case_3541,0.6865,0.7075,0.7196,0.7012,0.6811
case_3542,0.8134,0.8445,0.8236,0.8284,0.8295
case_3543,0.7542,0.7622,0.7741,0.7583,0.769
case_3544,0.8069,0.8256,0.8329,0.7928,0.868
case_3545,0.7925,0.7736,0.8355,0.8049,0.7644
case_3546,0.8396,0.8203,0.8445,0.8483,0.8499
case_3547,0.8314,0.8943,0.8393,0.8447,0.8874
case_3548,0.8292,0.8243,0.8682,0.8193,0.8608
case_3549,0.8269,0.8274,0.8906,0.8261,0.8675
case_3550,0.7841,0.8115,0.7803,0.7695,0.7588
case_3551,0.7156,0.7211,0.7393,0.7491,0.7056
case_3552,0.797,0.8372,0.8463,0.8237,0.8202
case_3553,0.7678,0.7644,0.7621,0.718,0.7432
case_3554,0.8173,0.8691,0.8623,0.8331,0.8635
case_3555,0.7701,0.7641,0.7598,0.7784,0.7527
case_3556,0.8519,0.8826,0.8681,0.9145,0.8718
case_3557,0.7025,0.6995,0.7389,0.7364,0.7018
case_3558,0.795,0.8048,0.8352,0.8259,0.7907
case_3559,0.8201,0.8267,0.8252,0.8139,0.8253
case_3560,0.8388,0.8597,0.8541,0.8484,0.8471
case_3561,0.8136,0.8095,0.8767,0.8165,0.8489
case_3562,0.7284,0.7723,0.8022,0.7991,0.793
case_3563,0.8822,0.863,0.8957,0.8657,0.8823
case_3564,0.8235,0.8087,0.8455,0.8082,0.8112
case_3565,0.8023,0.8223,0.8609,0.8719,0.8336
case_3566,0.8182,0.8418,0.8504,0.8611,0.8438
case_3567,0.7346,0.7703,0.7586,0.7742,0.7539
case_3568,0.7488,0.7457,0.7561,0.7501,0.7461
case_3569,0.7265,0.7866,0.7769,0.7581,0.7185
case_3570,0.842,0.7991,0.8714,0.8705,0.8547
case_3571,0.7887,0.8059,0.8421,0.7984,0.8244
case_3572,0.773,0.7635,0.7915,0.751,0.7512
case_3573,0.7176,0.7495,0.7692,0.7992,0.7694
case_3574,0.9548,0.929,1.0,0.9531,0.9658
case_3575,0.7625,0.7515,0.7513,0.7494,0.7287
case_3576,0.8341,0.82,0.8251,0.7971,0.8354
case_3577,0.8191,0.8033,0.8547,0.8269,0.8445
case_3578,0.883,0.8909,0.8978,0.9108,0.914
case_3579,0.7953,0.8515,0.8566,0.8211,0.8032
case_3580,0.8097,0.805,0.7858,0.7872,0.816
case_3581,0.8273,0.8542,0.8267,0.828,0.8465
case_3582,0.7872,0.7983,0.8536,0.7805,0.8203
case_3583,0.8289,0.8367,0.883,0.84,0.8481
case_3584,0.8504,0.812,0.817,0.845,0.8524
case_3585,0.7462,0.8095,0.8119,0.7863,0.7939
case_3586,0.8744,0.8731,0.8933,0.8529,0.9027
case_3587,0.822,0.8006,0.903,0.8315,0.8354
case_3588,0.7626,0.7622,0.7725,0.7913,0.767
case_3589,0.7951,0.7546,0.7923,0.8001,0.79
case_3590,0.7976,0.7955,0.7958,0.798,0.793
case_3591,0.6572,0.6603,0.6788,0.6681,0.6469
case_3592,0.7125,0.7535,0.7552,0.7552,0.7406
case_3593,0.8307,0.8355,0.8618,0.8063,0.8419
case_3594,0.8267,0.8196,0.8292,0.8462,0.8259
case_3595,0.7932,0.762,0.782,0.7598,0.7541
case_3596,0.7942,0.8015,0.8358,0.819,0.8335
case_3597,0.7384,0.7393,0.7634,0.7423,0.7553
case_3598,0.7859,0.7975,0.8254,0.7943,0.8162
case_3599,0.8068,0.8936,0.878,0.8548,0.8233
case_3600,0.8202,0.8405,0.8283,0.8153,0.7953
case_3601,0.9171,0.8948,0.9653,0.9356,0.924
case_3602,0.8262,0.8379,0.8424,0.8543,0.8388
case_3603,0.6763,0.6744,0.7236,0.6867,0.6798
case_3604,0.7956,0.8051,0.8055,0.7949,0.7696
case_3605,0.835,0.8075,0.8591,0.8061,0.816
case_3606,0.7751,0.7563,0.8101,0.7756,0.7597
case_3607,0.8378,0.8344,0.8559,0.8176,0.8492
case_3608,0.7301,0.7155,0.702,0.7176,0.7577
case_3609,0.8888,0.9115,0.9208,0.886,0.8721
case_3610,0.7975,0.7846,0.7762,0.7695,0.7788
case_3611,0.7829,0.7967,0.7566,0.7945,0.7983
case_3612,0.8679,0.8395,0.8612,0.8452,0.871
case_3613,0.8282,0.8198,0.8201,0.7975,0.8359
case_3614,0.88,0.8897,0.8626,0.8542,0.8947
case_3615,0.8135,0.7895,0.8176,0.836,0.8115
case_3616,0.8318,0.783,0.8382,0.8271,0.7923
case_3617,0.7459,0.7643,0.7842,0.7851,0.7665
case_3618,0.7378,0.7398,0.7655,0.7431,0.7327
case_3619,0.7693,0.8138,0.8039,0.7989,0.7507
case_3620,0.7374,0.766,0.7371,0.7383,0.7842
case_3621,0.8431,0.8379,0.8712,0.8303,0.8512
case_3622,0.8252,0.7967,0.8378,0.8271,0.8146
case_3623,0.8942,0.868,0.9142,0.9231,0.8797
case_3624,0.7848,0.7732,0.803,0.791,0.8121
case_3625,0.7852,0.8041,0.8359,0.8095,0.7958
case_3626,0.7468,0.7471,0.7433,0.7339,0.762
case_3627,0.7223,0.7091,0.7375,0.7065,0.6784
case_3628,0.8443,0.8305,0.8205,0.8285,0.8352
case_3629,0.7287,0.7131,0.7245,0.7345,0.7202
case_3630,0.9074,0.8726,0.8741,0.8635,0.8852
case_3631,0.6741,0.671,0.683,0.6941,0.6797
case_3632,0.8871,0.8265,0.8754,0.817,0.7632
case_3633,0.6864,0.6909,0.6946,0.6828,0.6838
case_3634,0.7935,0.8026,0.8485,0.8004,0.8339
case_3635,0.8005,0.8362,0.8468,0.7953,0.8137
case_3636,0.761,0.8287,0.8097,0.7403,0.7835
case_3637,0.791,0.7898,0.8061,0.8223,0.8078
case_3638,0.8935,0.9426,0.9391,0.9174,0.9378
case_3639,0.831,0.8505,0.8647,0.8457,0.8274
case_3640,0.8613,0.8348,0.8648,0.8874,0.8603
case_3641,0.8511,0.8507,0.851,0.8779,0.8123
case_3642,0.8324,0.8452,0.8673,0.8329,0.8582
case_3643,0.7968,0.8005,0.8461,0.7874,0.792
case_3644,0.7241,0.6902,0.7531,0.7398,0.7524
case_3645,0.8877,0.8832,0.9524,0.9645,0.9024
case_3646,0.8202,0.7702,0.8075,0.8134,0.8123
case_3647,0.8288,0.8225,0.8654,0.8167,0.8225
case_3648,0.7204,0.7289,0.7422,0.6878,0.7027
case_3649,0.794,0.8106,0.8708,0.7914,0.8293
case_3650,0.8315,0.8236,0.8219,0.8453,0.7947
case_3651,0.815,0.7875,0.7989,0.8098,0.7821
case_3652,0.7474,0.7209,0.782,0.7245,0.711
case_3653,0.9738,0.9524,0.9907,0.9457,0.9434
case_3654,0.8487,0.8598,0.8732,0.8472,0.8431
case_3655,0.8132,0.7929,0.8327,0.8154,0.8312
case_3656,0.8405,0.8477,0.879,0.8301,0.8226
case_3657,0.759,0.7868,0.7932,0.743,0.8032
case_3658,0.8832,0.8391,0.8795,0.8601,0.8329
case_3659,0.8222,0.7852,0.8434,0.8137,0.8074
case_3660,0.8425,0.8598,0.9059,0.8663,0.8816
case_3661,0.8035,0.8156,0.8184,0.7892,0.8334
case_3662,0.8322,0.8644,0.8585,0.8517,0.875
case_3663,0.7981,0.7674,0.8303,0.7824,0.7966
case_3664,0.9076,0.9335,0.9515,0.9332,0.8981
case_3665,0.9185,0.929,0.9079,0.8548,0.9308
case_3666,0.8021,0.8327,0.8705,0.8068,0.8131
case_3667,0.6733,0.6449,0.6962,0.6107,0.6783
case_3668,0.7378,0.7588,0.7979,0.7408,0.8045
case_3669,0.81,0.84,0.8718,0.8096,0.823
case_3670,0.7889,0.8107,0.8163,0.806,0.8314
case_3671,0.8004,0.8181,0.8541,0.8197,0.8354
case_3672,0.8587,0.8492,0.8993,0.883,0.8553
case_3673,0.776,0.7977,0.8293,0.7863,0.7806
case_3674,0.7968,0.8174,0.8373,0.7926,0.7906
case_3675,0.9088,0.8944,0.9019,0.8471,0.8929
case_3676,0.7057,0.6984,0.7577,0.7077,0.6966
case_3677,0.7617,0.7807,0.7566,0.7636,0.7702
case_3678,0.8648,0.8347,0.877,0.8631,0.8464
case_3679,0.8062,0.8369,0.8778,0.8121,0.8222
case_3680,0.7241,0.7307,0.726,0.7048,0.6893
case_3681,0.7829,0.7982,0.8277,0.7797,0.7988
case_3682,0.7424,0.7573,0.7886,0.7623,0.7471
case_3683,0.8208,0.7861,0.8443,0.8287,0.8306
case_3684,0.8224,0.8431,0.8652,0.8333,0.8219
case_3685,0.8222,0.8508,0.8538,0.8215,0.8585
case_3686,0.7549,0.7532,0.7886,0.7781,0.765
case_3687,0.7013,0.7223,0.7205,0.7077,0.703
case_3688,0.7785,0.7881,0.8121,0.7955,0.7938
case_3689,0.8904,0.8528,0.9123,0.8974,0.8702
case_3690,0.7691,0.7645,0.7914,0.7457,0.7847
case_3691,0.7769,0.8001,0.7472,0.7544,0.7607
case_3692,0.8814,0.8835,0.9172,0.9146,0.9095
case_3693,0.7802,0.7792,0.8323,0.7848,0.7814
case_3694,0.8796,0.8694,0.9163,0.9049,0.8931
case_3695,0.9344,0.9352,0.9585,0.9448,0.9417
case_3696,0.8567,0.8346,0.8491,0.8275,0.8451
case_3697,0.7762,0.799,0.7733,0.7566,0.7841
case_3698,0.7375,0.7059,0.7125,0.7295,0.7311
case_3699,0.834,0.8096,0.826,0.7778,0.8143
case_3700,0.761,0.7316,0.776,0.7595,0.7193
case_3701,0.7663,0.7659,0.7797,0.7469,0.7715
case_3702,0.6739,0.6911,0.7358,0.7052,0.6986
case_3703,0.8327,0.8013,0.8416,0.7837,0.8039
case_3704,0.8897,0.8913,0.9277,0.8795,0.8785
case_3705,0.8362,0.8121,0.8462,0.8476,0.7938
case_3706,0.7571,0.7853,0.7996,0.7725,0.8046
case_3707,0.7765,0.788,0.79,0.7902,0.7826
case_3708,0.7842,0.7773,0.8275,0.7718,0.7888
case_3709,0.8009,0.8099,0.7876,0.7927,0.7967
case_3710,0.8853,0.8778,0.8624,0.8775,0.8646
case_3711,0.8501,0.8396,0.8864,0.834,0.8402
case_3712,0.8331,0.8505,0.9282,0.8179,0.8358
case_3713,0.7143,0.7175,0.7388,0.7398,0.7043
case_3714,0.7618,0.7605,0.8345,0.7472,0.7679
case_3715,0.8575,0.8316,0.8373,0.8527,0.8437
case_3716,0.7296,0.7609,0.809,0.7825,0.7646
case_3717,0.8304,0.8765,0.8593,0.8613,0.8483
case_3718,0.8507,0.8204,0.8383,0.8216,0.8254
case_3719,0.802,0.8347,0.8441,0.766,0.8348
case_3720,0.8162,0.8049,0.8432,0.8375,0.8269
case_3721,0.8628,0.8373,0.8529,0.8384,0.8195
case_3722,0.9159,0.9197,0.9167,0.9078,0.9089
case_3723,0.8114,0.7996,0.8358,0.7532,0.7551
case_3724,0.7096,0.712,0.7482,0.7607,0.7609
case_3725,0.8321,0.8138,0.8508,0.8649,0.8273
case_3726,0.8162,0.8288,0.8568,0.7882,0.79
case_3727,0.7683,0.7043,0.7758,0.7629,0.7491
case_3728,0.8012,0.8088,0.7784,0.8041,0.8019
case_3729,0.9324,0.8821,0.8428,0.9025,0.9083
case_3730,0.8376,0.8725,0.876,0.8631,0.8524
case_3731,0.7535,0.7894,0.8007,0.772,0.7732
case_3732,0.8679,0.8985,0.909,0.8657,0.8926
case_3733,0.8447,0.8475,0.854,0.8323,0.8044
case_3734,0.7379,0.7472,0.792,0.7786,0.7661
case_3735,0.8665,0.8838,0.9064,0.9324,0.8537
case_3736,0.9965,0.9803,0.9926,0.9573,0.9682
case_3737,0.8411,0.8623,0.8539,0.8408,0.8519
case_3738,0.7657,0.8059,0.7935,0.7363,0.7814
case_3739,0.7304,0.7521,0.7838,0.7355,0.7439
case_3740,0.7178,0.7349,0.7333,0.7324,0.7163
case_3741,0.7816,0.7784,0.7644,0.7399,0.728
case_3742,0.8187,0.8078,0.8372,0.8055,0.8129
case_3743,0.8932,0.8607,0.8799,0.7912,0.8224
case_3744,0.878,0.8598,0.901,0.8569,0.8332
case_3745,0.8274,0.8441,0.8568,0.852,0.8383
case_3746,0.7713,0.7538,0.7929,0.745,0.7666
case_3747,0.8626,0.8459,0.9093,0.8494,0.8713
case_3748,0.8805,0.8605,0.8743,0.872,0.8539
case_3749,0.7375,0.7362,0.7316,0.7413,0.7661
case_3750,0.7565,0.7272,0.7807,0.7589,0.7946
case_3751,0.8422,0.8391,0.8544,0.8189,0.8621
case_3752,0.8564,0.8203,0.841,0.7964,0.8197
case_3753,0.8302,0.8218,0.8635,0.829,0.8373
case_3754,0.7746,0.7618,0.7748,0.7868,0.765
case_3755,0.8275,0.881,0.9179,0.8477,0.8919
case_3756,0.8838,0.8823,0.9057,0.8606,0.8749
case_3757,0.8125,0.8316,0.8624,0.789,0.8094
case_3758,0.7684,0.7469,0.7973,0.7787,0.7629
case_3759,0.749,0.7816,0.8095,0.776,0.785
case_3760,0.7804,0.7569,0.7819,0.7707,0.7507
case_3761,0.9002,0.8613,0.9148,0.9163,0.8873
case_3762,0.8321,0.8351,0.8174,0.7998,0.829
case_3763,0.6699,0.6405,0.6797,0.683,0.6636
case_3764,0.7146,0.7529,0.7491,0.7358,0.7611
case_3765,0.7658,0.773,0.786,0.779,0.7387
case_3766,0.8321,0.8416,0.8355,0.8523,0.8738
case_3767,0.8364,0.8724,0.8366,0.8208,0.8142
case_3768,0.8556,0.8552,0.8804,0.85,0.8743
case_3769,0.6954,0.7225,0.7384,0.7257,0.7383
case_3770,0.7589,0.7403,0.7718,0.7568,0.7559
case_3771,0.8097,0.7895,0.8736,0.8321,0.8089
case_3772,0.7406,0.7493,0.75,0.721,0.7629
case_3773,0.8828,0.9014,0.8971,0.8661,0.8902
case_3774,0.8224,0.8073,0.8489,0.7885,0.7897
case_3775,0.78,0.7766,0.798,0.7874,0.7672
case_3776,0.8595,0.8666,0.8918,0.8699,0.8751
case_3777,0.8338,0.7958,0.8307,0.8123,0.8235
case_3778,0.8915,0.8578,0.8977,0.8717,0.8457
case_3779,0.7854,0.7709,0.816,0.7928,0.8089
case_3780,0.8215,0.8359,0.8567,0.7898,0.8281
case_3781,0.7147,0.7188,0.7256,0.7134,0.7409
case_3782,0.7703,0.7815,0.7729,0.8042,0.7738
case_3783,0.8104,0.8131,0.8429,0.8241,0.8343
case_3784,0.9181,0.9019,0.9344,0.906,0.9241
case_3785,0.7903,0.8098,0.8132,0.8234,0.801
case_3786,0.7023,0.7026,0.7136,0.6677,0.689
case_3787,0.8495,0.8752,0.8854,0.86,0.8616
case_3788,0.7721,0.7151,0.7808,0.7813,0.7587
case_3789,0.7134,0.7908,0.7934,0.7833,0.7866
case_3790,0.8529,0.8295,0.8466,0.8362,0.8527
case_3791,0.7315,0.8008,0.7769,0.7716,0.7745
case_3792,0.73,0.6922,0.6942,0.6638,0.6908
case_3793,0.7925,0.8466,0.8233,0.7871,0.8111
case_3794,0.7446,0.801,0.7627,0.7511,0.753
case_3795,0.8698,0.8838,0.904,0.8646,0.8476
case_3796,0.7891,0.7692,0.7029,0.7296,0.7606
case_3797,0.8279,0.7717,0.8051,0.7985,0.7836
case_3798,0.8565,0.8001,0.8688,0.8028,0.7668
case_3799,0.7823,0.7294,0.7632,0.763,0.7537
case_3800,0.8211,0.8188,0.8712,0.7963,0.8364
case_3801,0.7622,0.8036,0.7814,0.8059,0.7864
case_3802,0.8783,0.8821,0.9379,0.8818,0.9122
case_3803,0.8533,0.8796,0.8706,0.8799,0.8787
case_3804,0.7804,0.7352,0.7788,0.7495,0.7382
case_3805,0.7677,0.7722,0.7929,0.7946,0.7912
case_3806,0.9176,0.8997,0.9311,0.8858,0.9375
case_3807,0.7113,0.697,0.7726,0.723,0.7186
case_3808,0.8096,0.8041,0.856,0.8305,0.85
case_3809,0.8228,0.8475,0.8437,0.827,0.8207
case_3810,0.8169,0.8698,0.8617,0.866,0.8817
case_3811,0.8148,0.8618,0.8566,0.8329,0.8411
case_3812,0.7214,0.7368,0.7633,0.7274,0.7558
case_3813,0.8747,0.8804,0.9052,0.9061,0.9047
case_3814,0.7361,0.6878,0.7338,0.7015,0.7039
case_3815,0.7531,0.77,0.7412,0.7498,0.6894
case_3816,0.7339,0.7233,0.804,0.7914,0.7766
case_3817,0.8693,0.916,0.9187,0.88,0.9021
case_3818,0.9028,0.9012,0.9092,0.8585,0.8645
case_3819,0.8589,0.8737,0.8503,0.8568,0.8453
case_3820,0.807,0.8158,0.8042,0.8018,0.8012
case_3821,0.8457,0.8401,0.8694,0.8027,0.8459
case_3822,0.7417,0.7665,0.8061,0.7832,0.7704
case_3823,0.8536,0.8962,0.8982,0.8596,0.8473
case_3824,0.7481,0.7264,0.786,0.7717,0.7503
case_3825,0.7492,0.7439,0.7707,0.7356,0.765
case_3826,0.7335,0.7821,0.7504,0.7679,0.7627
case_3827,0.818,0.8035,0.8417,0.8111,0.8161
case_3828,0.7153,0.7004,0.76,0.6997,0.7257
case_3829,0.7655,0.7961,0.8525,0.7986,0.8131
case_3830,0.808,0.8182,0.8492,0.82,0.8408
case_3831,0.7941,0.7685,0.7945,0.7775,0.7562
case_3832,0.7815,0.774,0.8009,0.7709,0.7582
case_3833,0.8308,0.8214,0.8711,0.8245,0.8136
case_3834,0.8401,0.8169,0.8672,0.8022,0.7985
case_3835,0.7893,0.8394,0.8328,0.8473,0.835
case_3836,0.7339,0.7288,0.7346,0.711,0.7645
case_3837,0.9092,0.912,0.9002,0.854,0.938
case_3838,0.8558,0.8575,0.8675,0.8532,0.8793
case_3839,0.7767,0.7941,0.7977,0.7939,0.7772
case_3840,0.7859,0.7961,0.8574,0.8136,0.8317
case_3841,0.7511,0.7863,0.7994,0.7578,0.7919
case_3842,0.7379,0.7405,0.7182,0.7287,0.7237
case_3843,0.8317,0.8276,0.857,0.8129,0.8583
case_3844,0.7793,0.7455,0.7905,0.7695,0.7604
case_3845,0.7973,0.8361,0.8562,0.8474,0.8155
case_3846,0.868,0.8791,0.8759,0.8763,0.8664
case_3847,0.7999,0.8394,0.8352,0.8257,0.8121
case_3848,0.8139,0.8742,0.7872,0.8397,0.8137
case_3849,0.7568,0.7289,0.7628,0.7261,0.7479
case_3850,0.86,0.8505,0.9115,0.8872,0.8839
case_3851,0.8859,0.9291,0.9218,0.8889,0.8982
case_3852,0.7636,0.8083,0.8212,0.7971,0.7707
case_3853,0.7311,0.755,0.794,0.7402,0.7523
case_3854,0.8116,0.8198,0.8303,0.8442,0.8483
case_3855,0.8155,0.8065,0.8373,0.8454,0.8248
case_3856,0.848,0.817,0.8428,0.8352,0.8709
case_3857,0.7406,0.785,0.802,0.769,0.783
case_3858,0.8135,0.7727,0.8339,0.8127,0.8394
case_3859,0.753,0.7532,0.7297,0.727,0.749
case_3860,0.917,0.8871,0.8864,0.8973,0.9129
case_3861,0.775,0.7888,0.8243,0.7986,0.7767
case_3862,0.7569,0.7618,0.8412,0.7858,0.8041
case_3863,0.7881,0.7488,0.8147,0.7949,0.8037
case_3864,0.809,0.8108,0.8824,0.8048,0.8143
case_3865,0.8277,0.874,0.9028,0.8305,0.8721
case_3866,0.7634,0.7396,0.7869,0.7557,0.7495
case_3867,0.9085,0.9177,0.9538,0.939,0.9696
case_3868,0.6636,0.6965,0.7049,0.6834,0.7023
case_3869,0.8566,0.8861,0.9362,0.8995,0.8929
case_3870,0.7792,0.7498,0.7359,0.7471,0.7769
case_3871,0.8009,0.7789,0.8288,0.7606,0.794
case_3872,0.8083,0.7976,0.8335,0.8106,0.8253
case_3873,0.8951,0.8674,0.9186,0.8578,0.902
case_3874,0.6804,0.6862,0.6504,0.6388,0.6836
case_3875,0.7323,0.7724,0.746,0.7179,0.7437
case_3876,0.7951,0.7684,0.8038,0.7882,0.8252
case_3877,0.7951,0.7867,0.7851,0.7743,0.7723
case_3878,0.7987,0.8227,0.8066,0.839,0.8317
case_3879,0.8346,0.8296,0.8909,0.8571,0.8376
case_3880,0.8485,0.8403,0.8252,0.82,0.8263
case_3881,0.7893,0.7858,0.8234,0.7937,0.7949
case_3882,0.7721,0.7964,0.8032,0.8044,0.8124
case_3883,0.8472,0.8545,0.8451,0.8682,0.8429
case_3884,0.7818,0.7724,0.8042,0.7884,0.7835
case_3885,0.7946,0.7793,0.7891,0.776,0.776
case_3886,0.7214,0.7471,0.7508,0.7381,0.7589
case_3887,0.8719,0.8746,0.8835,0.8589,0.8587
case_3888,0.6866,0.685,0.7171,0.6917,0.6796
case_3889,0.7875,0.7735,0.8127,0.7995,0.7757
case_3890,0.6933,0.7551,0.7311,0.6984,0.7161
case_3891,0.761,0.7879,0.7609,0.7496,0.7751
case_3892,0.8285,0.7988,0.84,0.7681,0.7904
case_3893,0.9004,0.8752,0.8962,0.9065,0.9038
case_3894,0.8259,0.8318,0.862,0.8511,0.8494
case_3895,0.928,0.8948,0.9304,0.9233,0.895
case_3896,0.7839,0.7674,0.7963,0.7874,0.7752
case_3897,0.7878,0.8202,0.7995,0.7683,0.7761
case_3898,0.8421,0.837,0.8911,0.8727,0.8748
case_3899,0.6758,0.6794,0.7071,0.6916,0.712
case_3900,0.8651,0.8617,0.8687,0.8792,0.8379
case_3901,0.8934,0.8791,0.9109,0.8568,0.884
case_3902,0.8145,0.8251,0.8104,0.8447,0.8525
case_3903,0.8042,0.7937,0.8003,0.8163,0.7838
case_3904,0.9056,0.8566,0.9382,0.871,0.8689
case_3905,0.7931,0.8051,0.8199,0.8183,0.803
case_3906,0.8243,0.8248,0.8722,0.8449,0.8426
case_3907,0.8129,0.7654,0.8404,0.788,0.8366
case_3908,0.9339,0.972,0.9685,0.9215,0.9691
case_3909,0.7801,0.7788,0.7724,0.7317,0.7887
case_3910,0.8326,0.8408,0.8775,0.8184,0.814
case_3911,0.7982,0.7802,0.8163,0.8239,0.8064
case_3912,0.8083,0.8332,0.8595,0.8792,0.8486
case_3913,0.6653,0.6395,0.6974,0.6439,0.682
case_3914,0.8827,0.8917,0.9227,0.8703,0.8636
case_3915,0.867,0.8539,0.8764,0.8687,0.8717
case_3916,0.8015,0.7945,0.8625,0.8194,0.8243
case_3917,0.6602,0.6637,0.6912,0.6877,0.676
case_3918,0.885,0.8805,0.8983,0.9075,0.8857
case_3919,0.7415,0.7736,0.8057,0.7659,0.8013
case_3920,0.6767,0.7102,0.7255,0.699,0.7091
case_3921,0.9235,0.8683,0.9259,0.878,0.8915
case_3922,0.7809,0.7952,0.8114,0.788,0.7645
case_3923,0.7572,0.7629,0.8177,0.7816,0.7424
case_3924,0.8255,0.8221,0.8651,0.8231,0.8347
case_3925,0.8461,0.8586,0.8429,0.8478,0.8549
case_3926,0.8129,0.7981,0.8261,0.7884,0.8054
case_3927,0.7758,0.7851,0.8007,0.7874,0.7728
case_3928,0.7823,0.7467,0.7758,0.7344,0.758
case_3929,0.8037,0.7621,0.7629,0.8043,0.7737
case_3930,0.719,0.7559,0.7572,0.7838,0.7532
case_3931,0.8808,0.8933,0.9093,0.9137,0.9048
case_3932,0.7826,0.788,0.7604,0.7304,0.7284
case_3933,0.6335,0.6517,0.6547,0.6722,0.6685
case_3934,0.7912,0.7584,0.8057,0.7775,0.7886
case_3935,0.8687,0.8907,0.9207,0.9205,0.9295
case_3936,0.8828,0.8837,0.8865,0.906,0.8729
case_3937,0.7775,0.8135,0.8136,0.811,0.7898
case_3938,0.8371,0.8152,0.8335,0.8114,0.818
case_3939,0.8846,0.8602,0.9372,0.8743,0.8984
case_3940,0.7562,0.733,0.7456,0.7048,0.7429
case_3941,0.7833,0.7911,0.7909,0.7582,0.7771
case_3942,0.8466,0.8338,0.8346,0.8319,0.8138
case_3943,0.8624,0.8646,0.8791,0.8522,0.845
case_3944,0.8748,0.8377,0.8695,0.8365,0.866
case_3945,0.7161,0.7406,0.7729,0.7123,0.7269
case_3946,0.7645,0.7525,0.7729,0.7871,0.7629
case_3947,0.7417,0.7507,0.7612,0.767,0.7738
case_3948,0.8063,0.8241,0.8503,0.8123,0.8362
case_3949,0.7718,0.7462,0.8043,0.7508,0.774
case_3950,0.7924,0.8362,0.8553,0.8123,0.7902
case_3951,0.8039,0.8246,0.8209,0.8538,0.8322
case_3952,0.7465,0.7487,0.7889,0.7617,0.7887
case_3953,0.9283,0.9251,0.9351,0.929,0.8962
case_3954,0.802,0.7825,0.8316,0.828,0.8099
case_3955,0.8152,0.7309,0.7828,0.8151,0.7869
case_3956,0.7946,0.7856,0.7826,0.8219,0.8347
case_3957,0.8601,0.8689,0.873,0.8466,0.8386
case_3958,0.768,0.7383,0.7736,0.7407,0.7335
case_3959,0.7369,0.679,0.7427,0.6918,0.7327
case_3960,0.8346,0.8602,0.8736,0.8627,0.8532
case_3961,0.879,0.8359,0.8737,0.8563,0.8511
case_3962,0.7812,0.7376,0.7899,0.7648,0.7625
case_3963,0.8609,0.838,0.8688,0.8159,0.8419
case_3964,0.8659,0.8825,0.8974,0.8542,0.8715
case_3965,0.905,0.8952,0.9229,0.8706,0.8693
case_3966,0.8285,0.8147,0.8528,0.8264,0.8276
case_3967,0.8762,0.8879,0.8867,0.8512,0.8547
case_3968,0.8159,0.793,0.8425,0.8359,0.8295
case_3969,0.7965,0.8515,0.8231,0.8487,0.812
case_3970,0.7532,0.7304,0.7858,0.768,0.7397
case_3971,0.812,0.8131,0.8565,0.7962,0.8252
case_3972,0.8269,0.8193,0.8483,0.8446,0.8076
case_3973,0.8389,0.8687,0.8614,0.8348,0.8703
case_3974,0.7873,0.7859,0.8232,0.7716,0.7432
case_3975,0.8102,0.8131,0.8371,0.8354,0.8289
case_3976,0.8131,0.8247,0.8791,0.8528,0.8241
case_3977,0.7409,0.7193,0.7091,0.7065,0.7342
case_3978,0.7082,0.7051,0.7393,0.6968,0.7257
case_3979,0.8562,0.8845,0.8679,0.8925,0.8779
case_3980,0.7082,0.7392,0.7745,0.7349,0.7421
case_3981,0.7594,0.759,0.7463,0.7345,0.7778
case_3982,0.7986,0.8123,0.8048,0.8482,0.7929
case_3983,0.8535,0.8498,0.8423,0.8501,0.8459
case_3984,0.7868,0.8423,0.7905,0.815,0.8194
case_3985,0.7458,0.7307,0.7232,0.7193,0.715
case_3986,0.7687,0.8126,0.8368,0.7691,0.7725
case_3987,0.8187,0.8042,0.8375,0.8105,0.8067
case_3988,0.7001,0.7011,0.7594,0.6867,0.7193
case_3989,0.7047,0.6879,0.7328,0.7307,0.7268
case_3990,0.7579,0.7554,0.7954,0.745,0.7553
case_3991,0.8879,0.8757,0.8819,0.8691,0.8992
case_3992,0.7955,0.7845,0.8239,0.8221,0.814
case_3993,0.8226,0.858,0.843,0.8577,0.8255
case_3994,0.8949,0.9249,0.9341,0.8909,0.9095
case_3995,0.7235,0.736,0.7367,0.7245,0.7197
case_3996,0.7491,0.7146,0.7777,0.735,0.7519
case_3997,0.833,0.8094,0.8473,0.8469,0.8463
case_3998,0.8074,0.7888,0.8467,0.8234,0.8204
case_3999,0.8203,0.8543,0.8175,0.8204,0.8157
case_4000,0.8836,0.8999,0.8977,0.899,0.8503
case_4001,0.7062,0.6882,0.7436,0.7452,0.6872
case_4002,0.7992,0.808,0.8453,0.8088,0.7911
case_4003,0.8135,0.839,0.8371,0.8165,0.8452
case_4004,0.7898,0.7811,0.8246,0.7877,0.7615
case_4005,0.7688,0.7768,0.8044,0.7899,0.7964
case_4006,0.8418,0.8568,0.8663,0.8498,0.8381
case_4007,0.8415,0.8367,0.8226,0.8437,0.7928
case_4008,0.7588,0.7534,0.7432,0.7466,0.738
case_4009,0.743,0.7373,0.7716,0.7657,0.7267
case_4010,0.7839,0.7698,0.7631,0.7501,0.752
case_4011,0.7888,0.7799,0.8109,0.804,0.7724
case_4012,0.8809,0.8475,0.8712,0.8526,0.8829
case_4013,0.8965,0.9141,0.8996,0.92,0.8856
case_4014,0.8435,0.8347,0.8417,0.8085,0.8524
case_4015,0.7736,0.7586,0.7815,0.7844,0.7595
case_4016,0.8714,0.8791,0.8856,0.8557,0.8881
case_4017,0.86,0.8605,0.8854,0.8802,0.874
case_4018,0.7937,0.7963,0.7787,0.7722,0.7856
case_4019,0.8173,0.7987,0.8339,0.8042,0.7853
case_4020,0.8299,0.8347,0.8617,0.8265,0.8537
case_4021,0.7146,0.7361,0.741,0.7436,0.7575
case_4022,0.8034,0.8113,0.8338,0.8314,0.8273
case_4023,0.7359,0.7712,0.7967,0.7726,0.7578
case_4024,0.7263,0.7306,0.7671,0.7319,0.7298
case_4025,0.7247,0.7249,0.7588,0.7228,0.7239
case_4026,0.7809,0.7747,0.8421,0.7912,0.7531
case_4027,0.7045,0.7479,0.7717,0.7279,0.7382
case_4028,0.754,0.7867,0.7895,0.8037,0.7754
case_4029,0.7303,0.8025,0.7723,0.7575,0.7938
case_4030,0.785,0.7772,0.8354,0.7999,0.8045
case_4031,0.8966,0.8674,0.9001,0.8738,0.8861
case_4032,0.7004,0.7009,0.7765,0.7083,0.7484
case_4033,0.8225,0.7915,0.8388,0.8113,0.8352
case_4034,0.7717,0.762,0.7402,0.7375,0.7747
case_4035,0.6643,0.703,0.6828,0.6702,0.7374
case_4036,0.69,0.6443,0.7496,0.6833,0.6706
case_4037,0.7386,0.7819,0.7739,0.7476,0.7658
case_4038,0.8313,0.8411,0.8364,0.8441,0.8204
case_4039,0.8355,0.8496,0.8513,0.8445,0.8466
case_4040,0.7895,0.7688,0.8344,0.7687,0.8008
case_4041,0.8321,0.8491,0.8312,0.851,0.8319
case_4042,0.6967,0.7035,0.7176,0.6859,0.7017
case_4043,0.9022,0.8683,0.8809,0.885,0.8724
case_4044,0.8408,0.8267,0.876,0.8545,0.8678
case_4045,0.8478,0.8493,0.8305,0.8376,0.8385
case_4046,0.7464,0.7442,0.7822,0.7425,0.7612
case_4047,0.7351,0.7472,0.8198,0.7771,0.7726
case_4048,0.8736,0.8342,0.8862,0.8846,0.8637
case_4049,0.8123,0.8669,0.8678,0.8598,0.8596
case_4050,0.7564,0.7941,0.8022,0.7481,0.7762
case_4051,0.7515,0.7433,0.7846,0.7274,0.7554
case_4052,0.7957,0.8509,0.8284,0.8028,0.8138
case_4053,0.7401,0.7066,0.7433,0.698,0.765
case_4054,0.8185,0.7919,0.8423,0.8188,0.8085
case_4055,0.9151,0.8817,0.8996,0.8771,0.8794
case_4056,0.7505,0.7308,0.7393,0.7666,0.7425
case_4057,0.7478,0.7606,0.7666,0.773,0.7552
case_4058,0.6193,0.6746,0.6956,0.6802,0.6658
case_4059,0.7996,0.7707,0.7906,0.7825,0.8019
case_4060,0.8126,0.7785,0.8326,0.7842,0.8124
case_4061,0.7862,0.8067,0.8151,0.8358,0.7943
case_4062,0.8682,0.8499,0.8925,0.886,0.883
case_4063,0.7215,0.7759,0.7328,0.7098,0.7252
case_4064,0.8342,0.8271,0.8472,0.8127,0.8488
case_4065,0.7383,0.7505,0.7624,0.7133,0.6992
case_4066,0.8569,0.8666,0.8757,0.8379,0.8595
case_4067,0.6728,0.7122,0.7715,0.7397,0.7309
case_4068,0.7556,0.7576,0.7881,0.7717,0.7674
case_4069,0.7549,0.7547,0.8329,0.7663,0.79
case_4070,0.6931,0.7471,0.7787,0.7241,0.7481
case_4071,0.819,0.777,0.8424,0.7958,0.7581
case_4072,0.8112,0.7892,0.7978,0.7688,0.7669
case_4073,0.7085,0.7405,0.7818,0.742,0.7685
case_4074,0.822,0.8149,0.8474,0.8219,0.8292
case_4075,0.8568,0.8483,0.8842,0.8407,0.8342
case_4076,0.7691,0.7648,0.7987,0.7589,0.7506
case_4077,0.7759,0.7235,0.7816,0.7724,0.7607
case_4078,0.821,0.8145,0.8642,0.8551,0.8348
case_4079,0.8347,0.8549,0.9051,0.8222,0.8367
case_4080,0.7433,0.7493,0.7815,0.7418,0.7585
case_4081,0.8185,0.7785,0.8431,0.8257,0.8482
case_4082,0.7069,0.7266,0.7187,0.7127,0.7529
case_4083,0.7866,0.8371,0.8526,0.8525,0.836
case_4084,0.8756,0.8701,0.9176,0.8905,0.8605
case_4085,0.7528,0.7728,0.775,0.776,0.7977
case_4086,0.7037,0.7094,0.7242,0.7173,0.7164
case_4087,0.8037,0.8018,0.8664,0.8507,0.8383
case_4088,0.8976,0.8665,0.9301,0.9033,0.9084
case_4089,0.8382,0.8249,0.8596,0.808,0.8451
case_4090,0.8142,0.7755,0.8198,0.8039,0.8138
case_4091,0.7266,0.7474,0.7609,0.7517,0.7469
case_4092,0.7439,0.7434,0.7364,0.732,0.7379
case_4093,0.8493,0.8777,0.8621,0.8345,0.862
case_4094,0.7287,0.722,0.7495,0.7238,0.7474
case_4095,0.7914,0.8422,0.7973,0.7881,0.8427
case_4096,0.6893,0.7418,0.7978,0.7611,0.7611
case_4097,0.9029,0.9001,0.9223,0.8804,0.8712
case_4098,0.8439,0.8155,0.8285,0.8418,0.8515
case_4099,0.8303,0.8501,0.8357,0.8083,0.8119
case_4100,0.7551,0.7895,0.7515,0.7488,0.7336
case_4101,0.7898,0.762,0.8257,0.8054,0.8128
case_4102,0.8094,0.8226,0.8428,0.8061,0.8185
case_4103,0.8143,0.8173,0.8324,0.8222,0.8392
case_4104,0.7693,0.7792,0.7696,0.7906,0.7965
case_4105,0.8386,0.8277,0.8489,0.8225,0.7913
case_4106,0.7297,0.7666,0.8013,0.7381,0.7691
case_4107,0.8085,0.8143,0.8289,0.8191,0.7973
case_4108,0.7191,0.7037,0.7258,0.6983,0.6871
case_4109,0.9091,0.8427,0.8831,0.8782,0.8374
case_4110,0.7643,0.7825,0.781,0.7718,0.7513
case_4111,0.7456,0.7877,0.7872,0.7792,0.7798
case_4112,0.7704,0.7701,0.7915,0.7493,0.7556
case_4113,0.7632,0.7808,0.799,0.7802,0.7926
case_4114,0.8559,0.8312,0.833,0.8478,0.8227
case_4115,0.7279,0.7773,0.7717,0.779,0.7782
case_4116,0.7733,0.8001,0.809,0.7627,0.822
case_4117,0.7797,0.7876,0.7853,0.7687,0.7846
case_4118,0.7649,0.7742,0.7673,0.7722,0.8131
case_4119,0.7196,0.6934,0.7568,0.7159,0.7043
case_4120,0.7979,0.7986,0.8605,0.865,0.8168
case_4121,0.7612,0.7941,0.8099,0.7884,0.7863
case_4122,0.8428,0.805,0.8288,0.8105,0.8253
case_4123,0.7312,0.771,0.7962,0.7729,0.7503
case_4124,0.8455,0.8036,0.8515,0.8483,0.8095
case_4125,0.8168,0.8159,0.8262,0.7818,0.8203
case_4126,0.781,0.7714,0.7792,0.786,0.7717
case_4127,0.8433,0.8335,0.8777,0.8627,0.8485
case_4128,0.815,0.8192,0.8293,0.832,0.7869
case_4129,0.7925,0.8263,0.813,0.8008,0.8073
case_4130,0.7334,0.7469,0.7328,0.6967,0.7339
case_4131,0.8492,0.8664,0.9052,0.8655,0.888
case_4132,0.8935,0.8919,0.9353,0.8619,0.8886
case_4133,0.8025,0.8262,0.845,0.8292,0.7793
case_4134,0.8746,0.8457,0.8718,0.8199,0.8606
case_4135,0.7376,0.772,0.75,0.7516,0.7532
case_4136,0.7264,0.7377,0.7461,0.7384,0.7541
case_4137,0.7052,0.7258,0.6992,0.704,0.73
case_4138,0.7658,0.7546,0.8158,0.7819,0.7575
case_4139,0.8057,0.8301,0.8399,0.8321,0.8041
case_4140,0.8184,0.8234,0.8624,0.8118,0.8071
case_4141,0.8632,0.8627,0.8502,0.87,0.9036
case_4142,0.8,0.8174,0.844,0.8036,0.8118
case_4143,0.7885,0.7825,0.8288,0.8217,0.8178
case_4144,0.8722,0.8949,0.8972,0.8947,0.8925
case_4145,0.8421,0.8814,0.7923,0.8283,0.818
case_4146,0.7706,0.7419,0.794,0.7742,0.778
case_4147,0.9178,0.8894,0.9352,0.9346,0.8852
case_4148,0.7558,0.7291,0.7244,0.7512,0.7439
case_4149,0.8101,0.7995,0.8366,0.8115,0.8062
case_4150,0.8441,0.8497,0.8582,0.8453,0.7993
case_4151,0.8626,0.874,0.8659,0.8831,0.9128
case_4152,0.7885,0.772,0.807,0.7761,0.7622
case_4153,0.6735,0.714,0.7027,0.6865,0.727
case_4154,0.7872,0.7569,0.805,0.7875,0.762
case_4155,0.7566,0.7525,0.7591,0.7796,0.7578
case_4156,0.7458,0.7618,0.8197,0.7994,0.8046
case_4157,0.8361,0.8148,0.8222,0.8041,0.8424
case_4158,0.8211,0.7912,0.8165,0.7625,0.8055
case_4159,0.8114,0.8462,0.8372,0.8121,0.8664
case_4160,0.7203,0.7204,0.7622,0.7631,0.7775
case_4161,0.7369,0.7071,0.7417,0.743,0.7459
case_4162,0.9021,0.8825,0.9119,0.9287,0.9162
case_4163,0.7237,0.7342,0.7513,0.7445,0.7816
case_4164,0.8496,0.8323,0.8373,0.8474,0.8568
case_4165,0.705,0.7607,0.7377,0.7248,0.7393
case_4166,0.9453,0.9041,0.9589,0.9179,0.948
case_4167,0.6789,0.6957,0.7211,0.6925,0.6813
case_4168,0.8296,0.8648,0.8619,0.8331,0.845
case_4169,0.7148,0.7394,0.7284,0.7172,0.7344
case_4170,0.7234,0.7424,0.7287,0.713,0.6931
case_4171,0.7422,0.7511,0.799,0.7353,0.7539
case_4172,0.7192,0.7185,0.7274,0.6909,0.7147
case_4173,0.8331,0.8107,0.8468,0.8369,0.799
case_4174,0.8248,0.8281,0.8585,0.831,0.8314
case_4175,0.8961,0.8818,0.9064,0.8066,0.8819
case_4176,0.7947,0.8117,0.7988,0.7769,0.8169
case_4177,0.8287,0.8355,0.843,0.8325,0.834
case_4178,0.8675,0.8067,0.8816,0.8448,0.852
case_4179,0.7571,0.7311,0.7422,0.7223,0.7042
case_4180,0.6965,0.687,0.7126,0.671,0.6846
case_4181,0.7818,0.7437,0.7757,0.7769,0.7465
case_4182,0.7842,0.7967,0.8327,0.8248,0.8099
case_4183,0.8101,0.7894,0.8618,0.8091,0.8235
case_4184,0.7082,0.7497,0.7887,0.738,0.7614
case_4185,0.7957,0.801,0.8004,0.7841,0.8128
case_4186,0.9161,0.8857,0.914,0.8899,0.8877
case_4187,0.777,0.8127,0.831,0.8021,0.803
case_4188,0.8379,0.822,0.8496,0.8346,0.8213
case_4189,0.7442,0.7501,0.7745,0.746,0.7479
case_4190,0.9013,0.8935,0.9183,0.8864,0.8897
case_4191,0.7923,0.8306,0.8679,0.8017,0.8209
case_4192,0.744,0.7198,0.7619,0.7159,0.7582
case_4193,0.7961,0.7866,0.829,0.8274,0.8153
case_4194,0.8187,0.7952,0.8217,0.7973,0.8071
case_4195,0.845,0.8115,0.7863,0.7982,0.824
case_4196,0.838,0.8244,0.876,0.8721,0.8485
case_4197,0.8173,0.7985,0.8188,0.8263,0.8559
case_4198,0.7869,0.7752,0.8024,0.7575,0.7583
case_4199,0.7659,0.7329,0.7779,0.7897,0.7986
case_4200,0.7953,0.7642,0.7942,0.7952,0.7951
case_4201,0.7631,0.7958,0.805,0.7809,0.7817
case_4202,0.8555,0.8521,0.8578,0.8542,0.8479
case_4203,0.7957,0.7802,0.825,0.8001,0.8198
case_4204,0.7514,0.7511,0.758,0.7191,0.7356
case_4205,0.8572,0.842,0.8706,0.8123,0.8744
case_4206,0.8698,0.8599,0.9121,0.8757,0.8652
case_4207,0.7443,0.7264,0.75,0.7522,0.721
case_4208,0.7578,0.7345,0.8058,0.787,0.7231
case_4209,0.7798,0.8351,0.8162,0.7952,0.8067
case_4210,0.7554,0.7592,0.8153,0.7758,0.7778
case_4211,0.824,0.8364,0.8394,0.7867,0.8392
case_4212,0.7602,0.7215,0.7728,0.769,0.7154
case_4213,0.7429,0.7674,0.7743,0.7568,0.7886
case_4214,0.803,0.8267,0.8422,0.7989,0.7787
case_4215,0.859,0.8643,0.8707,0.8313,0.9056
case_4216,0.8061,0.7852,0.7983,0.7896,0.8015
case_4217,0.8887,0.8961,0.9318,0.8918,0.9238
case_4218,0.8433,0.8146,0.8525,0.8405,0.843
case_4219,0.7813,0.7996,0.7999,0.7816,0.7723
case_4220,0.8192,0.8051,0.8245,0.8179,0.8083
case_4221,0.6765,0.7354,0.703,0.6883,0.6553
case_4222,0.7414,0.7497,0.7667,0.7551,0.7565
case_4223,0.7582,0.7801,0.8176,0.7848,0.7439
case_4224,0.8605,0.8469,0.8333,0.8506,0.8307
case_4225,0.7694,0.7459,0.7798,0.7501,0.7677
case_4226,0.7822,0.8175,0.8176,0.7609,0.8077
case_4227,0.7734,0.7801,0.7855,0.768,0.7729
case_4228,0.9554,0.9232,0.9357,0.918,0.9115
case_4229,0.793,0.7877,0.8278,0.8011,0.7805
case_4230,0.8016,0.7787,0.7947,0.8086,0.7829
case_4231,0.8089,0.7585,0.8086,0.7821,0.7754
case_4232,0.776,0.794,0.8121,0.7533,0.7688
case_4233,0.8482,0.8245,0.8567,0.8543,0.8564
case_4234,0.7902,0.7624,0.806,0.7423,0.7344
case_4235,0.8211,0.8353,0.8443,0.821,0.8291
case_4236,0.7835,0.7661,0.7911,0.7542,0.8076
case_4237,0.9262,0.9267,0.9303,0.938,0.8995
case_4238,0.8112,0.8484,0.8458,0.8689,0.8484
case_4239,0.8324,0.7929,0.8199,0.8378,0.7991
case_4240,0.7677,0.7963,0.7979,0.7971,0.8088
case_4241,0.8699,0.8591,0.8894,0.8994,0.8413
case_4242,0.8196,0.8574,0.8775,0.8301,0.8501
case_4243,0.7964,0.7733,0.8028,0.7965,0.8158
case_4244,0.7698,0.8044,0.7753,0.7687,0.7927
case_4245,0.8334,0.8172,0.8496,0.8218,0.83
case_4246,0.7959,0.7681,0.8073,0.7908,0.7822
case_4247,0.7623,0.8193,0.8353,0.7892,0.7823
case_4248,0.8334,0.8246,0.8874,0.8697,0.8483
case_4249,0.8386,0.8146,0.8412,0.8416,0.8257
case_4250,0.756,0.7852,0.7837,0.7472,0.7831
case_4251,0.8438,0.8251,0.8652,0.8357,0.8418
case_4252,0.8294,0.8626,0.865,0.8055,0.7869
case_4253,0.779,0.7672,0.8111,0.7863,0.801
case_4254,0.6732,0.7136,0.7075,0.703,0.7119
case_4255,0.7639,0.7518,0.7942,0.7646,0.7757
case_4256,0.7706,0.7392,0.7607,0.7655,0.784
case_4257,0.6466,0.7179,0.6872,0.7061,0.7196
case_4258,0.7268,0.7439,0.7389,0.7358,0.7667
case_4259,0.7943,0.8153,0.8389,0.7866,0.8242
case_4260,0.7894,0.7884,0.7688,0.7961,0.7738
case_4261,0.8338,0.8377,0.851,0.8113,0.8517
case_4262,0.823,0.8085,0.8383,0.8159,0.8235
case_4263,0.7592,0.7532,0.7571,0.7218,0.7514
case_4264,0.6966,0.751,0.7491,0.7441,0.7598
case_4265,0.8423,0.8432,0.8486,0.8231,0.8313
case_4266,0.7947,0.8226,0.8439,0.7638,0.8038
case_4267,0.9176,0.8868,0.9046,0.8982,0.897
case_4268,0.824,0.813,0.8458,0.7756,0.8267
case_4269,0.8086,0.8308,0.8435,0.8286,0.8306
case_4270,0.779,0.8194,0.816,0.7962,0.8004
case_4271,0.7659,0.7899,0.7809,0.7936,0.7822
case_4272,0.9056,0.8828,0.9033,0.8837,0.8885
case_4273,0.7385,0.7688,0.8008,0.7469,0.7444
case_4274,0.7487,0.7381,0.7858,0.7784,0.763
case_4275,0.7688,0.7631,0.7803,0.7419,0.7336
case_4276,0.7883,0.7889,0.8295,0.78,0.8232
case_4277,0.8112,0.8048,0.8646,0.8011,0.8148
case_4278,0.7836,0.7731,0.8265,0.7834,0.8083
case_4279,0.8379,0.8223,0.8668,0.8441,0.8631
case_4280,0.8226,0.8212,0.7796,0.8071,0.8366
case_4281,0.7773,0.7601,0.8133,0.7964,0.7857
case_4282,0.8119,0.7951,0.8313,0.8142,0.7717
case_4283,0.9112,0.8993,0.9326,0.868,0.8858
case_4284,0.8079,0.7951,0.7979,0.7909,0.7488
case_4285,0.765,0.7737,0.7965,0.7394,0.7896
case_4286,0.7514,0.7289,0.7463,0.7225,0.7387
case_4287,0.8432,0.8522,0.8817,0.8017,0.87
case_4288,0.7297,0.7574,0.7215,0.7275,0.6997
case_4289,0.8288,0.8052,0.8449,0.8758,0.8423
case_4290,0.8813,0.8877,0.9097,0.8867,0.887
case_4291,0.7341,0.7974,0.8098,0.7823,0.779
case_4292,0.8458,0.8741,0.8303,0.8686,0.842
case_4293,0.8158,0.7804,0.7991,0.7965,0.7716
case_4294,0.7552,0.7445,0.7713,0.7531,0.7565
case_4295,0.7227,0.7411,0.713,0.7134,0.6715
case_4296,0.8147,0.843,0.9058,0.828,0.8484
case_4297,0.77,0.7638,0.7778,0.7517,0.7716
case_4298,0.8218,0.7923,0.8081,0.7929,0.8248
case_4299,0.8442,0.8424,0.8681,0.8285,0.8302
case_4300,0.7056,0.6876,0.7353,0.6764,0.7253
case_4301,0.6727,0.7015,0.682,0.7006,0.6795
case_4302,0.7786,0.7339,0.8037,0.7366,0.7573
case_4303,0.8069,0.8575,0.8808,0.8018,0.8517
case_4304,0.7869,0.8089,0.804,0.8129,0.7808
case_4305,0.7905,0.7921,0.7926,0.8,0.8101
case_4306,0.7972,0.8262,0.8072,0.7768,0.7476
case_4307,0.8137,0.8098,0.813,0.8318,0.7844
case_4308,0.7743,0.7574,0.7957,0.7624,0.7377
case_4309,0.8829,0.8666,0.9002,0.8761,0.8535
case_4310,0.8296,0.8873,0.8536,0.8584,0.8524
case_4311,0.7782,0.7999,0.7974,0.7381,0.7604
case_4312,0.8353,0.8779,0.8866,0.8958,0.8392
case_4313,0.8572,0.8609,0.8497,0.8739,0.8723
case_4314,0.8598,0.8675,0.9134,0.8652,0.9216
case_4315,0.8994,0.8704,0.9206,0.8712,0.8522
case_4316,0.7413,0.739,0.7482,0.7191,0.7015
case_4317,0.7707,0.7989,0.8092,0.7855,0.8067
case_4318,0.8048,0.8325,0.8208,0.8167,0.8233
case_4319,0.8581,0.8339,0.8813,0.8684,0.8629
case_4320,0.8238,0.8229,0.8199,0.785,0.766
case_4321,0.8121,0.8154,0.8253,0.8202,0.7976
case_4322,0.7854,0.8068,0.8416,0.8405,0.8555
case_4323,0.82,0.8475,0.8364,0.8579,0.851
case_4324,0.9,0.8776,0.8938,0.8961,0.8958
case_4325,0.761,0.7806,0.7648,0.7694,0.7989
case_4326,0.8661,0.8464,0.8796,0.8777,0.8567
case_4327,0.7012,0.7121,0.7257,0.7185,0.6813
case_4328,0.8206,0.8484,0.8584,0.821,0.8418
case_4329,0.8382,0.8304,0.8483,0.8028,0.8161
case_4330,0.7535,0.7539,0.7523,0.7661,0.7521
case_4331,0.7967,0.7495,0.7797,0.7506,0.7591
case_4332,0.8172,0.8197,0.8296,0.8309,0.8293
case_4333,0.8393,0.798,0.8849,0.8272,0.8554
case_4334,0.7868,0.7653,0.7961,0.7963,0.7958
case_4335,0.8029,0.8215,0.7965,0.7719,0.8193
case_4336,0.8337,0.8485,0.8409,0.8,0.8135
case_4337,0.8603,0.8257,0.8537,0.8497,0.8047
case_4338,0.8072,0.7971,0.8294,0.8656,0.8047
case_4339,0.7463,0.7802,0.8057,0.7933,0.7829
case_4340,0.8798,0.8684,0.9012,0.8669,0.8538
case_4341,0.734,0.6841,0.7653,0.7354,0.7106
case_4342,0.7391,0.7533,0.7705,0.7521,0.7226
case_4343,0.6908,0.7074,0.7335,0.6793,0.6975
case_4344,0.7456,0.7882,0.8152,0.7677,0.7439
case_4345,0.8013,0.8047,0.8315,0.8045,0.8046
case_4346,0.798,0.8398,0.8248,0.8233,0.8028
case_4347,0.8903,0.9126,0.9538,0.8766,0.9074
case_4348,0.8579,0.8439,0.8809,0.8421,0.8901
case_4349,0.7582,0.781,0.8356,0.7594,0.8152
case_4350,0.8975,0.9074,0.8829,0.8893,0.9366
case_4351,0.8061,0.8209,0.8428,0.8137,0.8168
case_4352,0.7387,0.7084,0.7353,0.7187,0.7373
case_4353,0.7331,0.7704,0.782,0.7121,0.7449
case_4354,0.7392,0.7307,0.7426,0.7017,0.7557
case_4355,0.8886,0.8896,0.9293,0.8841,0.8803
case_4356,0.8435,0.83,0.8607,0.8139,0.8456
case_4357,0.7209,0.7429,0.7583,0.7434,0.7014
case_4358,0.8026,0.8381,0.8684,0.8285,0.8731
case_4359,0.8293,0.8249,0.8311,0.822,0.8073
case_4360,0.8453,0.8293,0.8669,0.8069,0.8094
case_4361,0.814,0.8049,0.8386,0.8189,0.8199
case_4362,0.7322,0.7707,0.7903,0.7707,0.7589
case_4363,0.7768,0.8076,0.81,0.7953,0.7693
case_4364,0.7683,0.7658,0.7821,0.7595,0.7492
case_4365,0.8322,0.8705,0.8665,0.8387,0.852
case_4366,0.8155,0.8228,0.8482,0.8271,0.8462
case_4367,0.7949,0.7771,0.8063,0.7957,0.804
case_4368,0.7908,0.787,0.8347,0.8061,0.8049
case_4369,0.8476,0.8109,0.8099,0.8305,0.8392
case_4370,0.8453,0.8195,0.8492,0.8377,0.8644
case_4371,0.7978,0.7808,0.8034,0.7892,0.7905
case_4372,0.8127,0.8351,0.8388,0.8523,0.8476
case_4373,0.7972,0.8139,0.8236,0.8205,0.8359
case_4374,0.7632,0.7515,0.8014,0.7693,0.768
case_4375,0.8296,0.8501,0.8843,0.8434,0.8513
case_4376,0.8533,0.8782,0.8887,0.8468,0.8928
case_4377,0.8244,0.8239,0.8722,0.8161,0.806
case_4378,0.7937,0.8165,0.8268,0.8141,0.8616
case_4379,0.8229,0.8411,0.8888,0.8408,0.8557
case_4380,0.7634,0.7925,0.7728,0.7933,0.787
case_4381,0.8222,0.8544,0.8773,0.8335,0.8284
case_4382,0.7586,0.7647,0.8128,0.7811,0.8164
case_4383,0.8089,0.8052,0.8691,0.81,0.803
case_4384,0.8088,0.8362,0.8541,0.8376,0.8368
case_4385,0.8038,0.7821,0.8504,0.8005,0.8149
case_4386,0.7849,0.8405,0.8392,0.8161,0.8118
case_4387,0.9102,0.8782,0.938,0.8984,0.9122
case_4388,0.7593,0.7781,0.7789,0.7891,0.7727
case_4389,0.8158,0.7923,0.8498,0.8042,0.8252
case_4390,0.9,0.8814,0.8884,0.8613,0.8815
case_4391,0.7601,0.765,0.7707,0.7878,0.7409
case_4392,0.8285,0.8628,0.8756,0.8876,0.8814
case_4393,0.7299,0.7676,0.7697,0.7542,0.7906
case_4394,0.7663,0.7585,0.7804,0.7895,0.7479
case_4395,0.8477,0.8755,0.86,0.855,0.8333
case_4396,0.7298,0.7359,0.7521,0.7387,0.6874
case_4397,0.8807,0.8424,0.8289,0.8056,0.8283
case_4398,0.8679,0.8884,0.9033,0.9024,0.8668
case_4399,0.7655,0.8003,0.8534,0.791,0.7738
case_4400,0.7558,0.7336,0.7661,0.7415,0.7313
case_4401,0.7062,0.695,0.7506,0.6893,0.6906
case_4402,0.7507,0.7738,0.7977,0.7272,0.7726
case_4403,0.8484,0.8537,0.8399,0.8714,0.8556
case_4404,0.762,0.7723,0.764,0.7514,0.7687
case_4405,0.8452,0.8553,0.8501,0.8269,0.8176
case_4406,0.8023,0.7903,0.8316,0.7819,0.8222
case_4407,0.7742,0.7191,0.7708,0.7488,0.7491
case_4408,0.7673,0.7971,0.7705,0.7278,0.7891
case_4409,0.8709,0.8821,0.8725,0.8641,0.8538
case_4410,0.7798,0.7919,0.786,0.812,0.7992
case_4411,0.8595,0.8141,0.8781,0.8211,0.8455
case_4412,0.8186,0.8052,0.8078,0.8194,0.8337
case_4413,0.8515,0.8686,0.9004,0.8671,0.84
case_4414,0.7586,0.7843,0.8136,0.7631,0.7864
case_4415,0.8189,0.8362,0.8482,0.8407,0.846
case_4416,0.7728,0.7721,0.7838,0.7718,0.8013
case_4417,0.8213,0.8316,0.8049,0.8278,0.8431
case_4418,0.8842,0.8209,0.8782,0.8708,0.8761
case_4419,0.7064,0.7506,0.7924,0.7241,0.7437
case_4420,0.7166,0.7594,0.783,0.7497,0.7442
case_4421,0.8154,0.8006,0.8367,0.8188,0.8156
case_4422,0.7815,0.7745,0.8277,0.8205,0.8009
case_4423,0.771,0.7617,0.8212,0.7631,0.7679
case_4424,0.7417,0.7426,0.7733,0.7566,0.7431
case_4425,0.7283,0.7827,0.7692,0.7535,0.7639
case_4426,0.7939,0.8148,0.8588,0.8295,0.8329
case_4427,0.7926,0.8302,0.8395,0.799,0.8219
case_4428,0.7681,0.7868,0.8016,0.8106,0.7809
case_4429,0.7074,0.757,0.7839,0.7372,0.7435
case_4430,0.8741,0.8845,0.9507,0.8958,0.8773
case_4431,0.8531,0.8446,0.8718,0.8508,0.8032
case_4432,0.6542,0.6305,0.682,0.6588,0.6657
case_4433,0.7542,0.7445,0.7757,0.7837,0.7501
case_4434,0.9088,0.9132,0.9142,0.8767,0.8846
case_4435,0.7112,0.7175,0.7526,0.7328,0.733
case_4436,0.8183,0.8303,0.8708,0.8424,0.8147
case_4437,0.8595,0.8858,0.8789,0.8574,0.8459
case_4438,0.8787,0.8734,0.8437,0.8712,0.8389
case_4439,0.7398,0.7393,0.7641,0.7289,0.7314
case_4440,0.8844,0.867,0.9118,0.9198,0.9011
case_4441,0.7517,0.7659,0.8106,0.7714,0.7269
case_4442,0.8046,0.772,0.7835,0.7898,0.7528
case_4443,0.7921,0.8049,0.816,0.8223,0.8436
case_4444,0.7541,0.7521,0.7468,0.7604,0.7925
case_4445,0.9256,0.9195,0.9584,0.9381,0.8957
case_4446,0.7405,0.7684,0.804,0.7994,0.7428
case_4447,0.7983,0.7722,0.7926,0.794,0.8012
case_4448,0.8017,0.8462,0.837,0.8187,0.8053
case_4449,0.7595,0.7939,0.8358,0.8098,0.78
case_4450,0.8681,0.8784,0.848,0.8426,0.8534
case_4451,0.8253,0.8481,0.8809,0.8887,0.8115
case_4452,0.8355,0.7773,0.8264,0.8197,0.8258
case_4453,0.8099,0.822,0.8644,0.8549,0.8612
case_4454,0.8956,0.8789,0.8917,0.8638,0.8425
case_4455,0.7607,0.7579,0.7693,0.8059,0.7484
case_4456,0.7931,0.7968,0.7755,0.7961,0.7851
case_4457,0.7261,0.7205,0.7353,0.7298,0.7342
case_4458,0.7417,0.7305,0.7835,0.719,0.7362
case_4459,0.8874,0.9332,0.9308,0.8632,0.8993
case_4460,0.7817,0.7816,0.8194,0.8157,0.8169
case_4461,0.7287,0.7137,0.713,0.7425,0.6977
case_4462,0.7506,0.7507,0.7628,0.7414,0.7581
case_4463,0.8335,0.8097,0.8097,0.8156,0.8151
case_4464,0.8323,0.8229,0.8662,0.8164,0.8321
case_4465,0.7431,0.7382,0.7695,0.7332,0.7433
case_4466,0.7053,0.7158,0.7143,0.6997,0.7242
case_4467,0.8073,0.8175,0.8399,0.8492,0.863
case_4468,0.8843,0.887,0.9147,0.8637,0.8973
case_4469,0.6992,0.6993,0.7595,0.7303,0.7384
case_4470,0.8744,0.8646,0.9187,0.8959,0.9284
case_4471,0.7602,0.7758,0.7553,0.7064,0.7587
case_4472,0.8928,0.87,0.9119,0.918,0.8839
case_4473,0.7759,0.7885,0.8278,0.8088,0.7593
case_4474,0.7092,0.7403,0.753,0.712,0.7242
case_4475,0.8394,0.7991,0.849,0.8171,0.8208
case_4476,0.7521,0.756,0.7853,0.7708,0.7178
case_4477,0.8129,0.8184,0.8076,0.8,0.8045
case_4478,0.7663,0.7684,0.7821,0.7873,0.7675
case_4479,0.7728,0.7848,0.824,0.7995,0.7798
case_4480,0.6729,0.7393,0.7626,0.7229,0.7339
case_4481,0.7708,0.7797,0.7763,0.7446,0.7583
case_4482,0.8461,0.8482,0.8792,0.8301,0.8388
case_4483,0.8036,0.7634,0.7928,0.7674,0.7699
case_4484,0.8257,0.823,0.873,0.841,0.8525
case_4485,0.7252,0.7626,0.7677,0.7606,0.7637
case_4486,0.7172,0.7215,0.7512,0.7629,0.7189
case_4487,0.7474,0.7593,0.8034,0.8059,0.7669
case_4488,0.7918,0.8331,0.7863,0.7731,0.7874
case_4489,0.716,0.7326,0.7378,0.7477,0.7112
case_4490,0.7663,0.7824,0.8278,0.7999,0.7952
case_4491,0.7996,0.819,0.8107,0.8223,0.8182
case_4492,0.8139,0.8197,0.8176,0.8016,0.8178
case_4493,0.7971,0.8352,0.8684,0.8504,0.8444
case_4494,0.8456,0.8892,0.889,0.8642,0.8856
case_4495,0.8263,0.7947,0.8391,0.8108,0.8241
case_4496,0.8378,0.8608,0.8963,0.888,0.8184
case_4497,0.7304,0.7075,0.721,0.7062,0.6989
case_4498,0.7874,0.7814,0.8029,0.7673,0.8121
case_4499,0.7764,0.8237,0.8245,0.7917,0.7841
case_4500,0.7229,0.742,0.7533,0.7629,0.7149
case_4501,0.7236,0.7187,0.7889,0.7428,0.7525
case_4502,0.7855,0.8138,0.8112,0.8058,0.8078
case_4503,0.7492,0.7475,0.8037,0.7615,0.7495
case_4504,0.8775,0.8692,0.9286,0.8855,0.8794
case_4505,0.8354,0.8646,0.8779,0.8843,0.8614
case_4506,0.8843,0.8727,0.9611,0.9025,0.9266
case_4507,0.7849,0.7814,0.7778,0.7522,0.779
case_4508,0.7574,0.8322,0.8257,0.8206,0.8164
case_4509,0.9173,0.9054,0.9309,0.9301,0.8904
case_4510,0.8748,0.88,0.8862,0.8646,0.8751
case_4511,0.7863,0.7887,0.7942,0.7959,0.8131
case_4512,0.776,0.8099,0.7808,0.7722,0.78
case_4513,0.744,0.7272,0.7662,0.7147,0.7577
case_4514,0.7969,0.7946,0.7917,0.7647,0.7723
case_4515,0.7616,0.7716,0.7992,0.8029,0.7719
case_4516,0.905,0.8825,0.9064,0.8469,0.875
case_4517,0.7659,0.7486,0.7425,0.7802,0.7663
case_4518,0.7846,0.7498,0.7892,0.7709,0.7975
case_4519,0.7287,0.7258,0.7736,0.7433,0.7263
case_4520,0.7346,0.771,0.794,0.7714,0.7382
case_4521,0.8875,0.8965,0.9061,0.9076,0.8819
case_4522,0.7735,0.7743,0.8055,0.7597,0.7596
case_4523,0.8068,0.8108,0.8617,0.821,0.8353
case_4524,0.8051,0.7668,0.792,0.8158,0.8098
case_4525,0.8226,0.8545,0.8754,0.835,0.7982
case_4526,0.8022,0.7988,0.813,0.8063,0.8378
case_4527,0.7289,0.7169,0.7586,0.7664,0.7951
case_4528,0.8362,0.8704,0.9154,0.8396,0.8768
case_4529,0.6391,0.6635,0.7048,0.6776,0.6643
case_4530,0.7798,0.7795,0.7972,0.7282,0.7566
case_4531,0.7273,0.706,0.6924,0.7252,0.7446
case_4532,0.7553,0.7203,0.7304,0.6983,0.7343
case_4533,0.7465,0.7812,0.7968,0.7702,0.7845
case_4534,0.6791,0.6631,0.7108,0.6574,0.6917
case_4535,0.7989,0.8566,0.8558,0.8008,0.8233
case_4536,0.6797,0.6563,0.6961,0.6985,0.7016
case_4537,0.8275,0.8359,0.8443,0.8386,0.828
case_4538,0.8036,0.8858,0.8206,0.8282,0.8458
case_4539,0.7799,0.7877,0.8066,0.7675,0.7691
case_4540,0.8588,0.8339,0.8655,0.8138,0.8433
case_4541,0.7471,0.7351,0.7561,0.725,0.74
case_4542,0.8332,0.897,0.9008,0.8389,0.8768
case_4543,0.6756,0.7261,0.7083,0.7289,0.7469
case_4544,0.7124,0.7204,0.7436,0.7239,0.7134
case_4545,0.802,0.7886,0.8452,0.8273,0.796
case_4546,0.764,0.7616,0.7754,0.7403,0.7584
case_4547,0.7966,0.812,0.8855,0.7912,0.807
case_4548,0.8423,0.8581,0.8808,0.8628,0.8392
case_4549,0.9181,0.8935,0.8985,0.8944,0.8601
case_4550,0.9126,0.8335,0.9056,0.8607,0.8314
case_4551,0.6928,0.7175,0.6853,0.7053,0.7046
case_4552,0.8132,0.8101,0.8222,0.8315,0.8197
case_4553,0.7376,0.7577,0.7243,0.7067,0.7569
case_4554,0.6872,0.6392,0.6842,0.6619,0.6549
case_4555,0.8095,0.7926,0.8496,0.7929,0.7967
case_4556,0.8596,0.8485,0.9295,0.8452,0.8684
case_4557,0.7896,0.8245,0.8254,0.8552,0.8149
case_4558,0.7648,0.763,0.7348,0.7721,0.7398
case_4559,0.7438,0.7308,0.7452,0.6806,0.7383
case_4560,0.7903,0.7928,0.7714,0.7488,0.777
case_4561,0.7562,0.7487,0.7744,0.7269,0.7674
case_4562,0.7375,0.7508,0.7781,0.7355,0.7303
case_4563,0.8413,0.8544,0.8694,0.8532,0.847
case_4564,0.8446,0.8016,0.8484,0.8214,0.8287
case_4565,0.7325,0.7359,0.7572,0.7104,0.7576
case_4566,0.789,0.8416,0.851,0.8019,0.8167
case_4567,0.7938,0.8236,0.8355,0.7988,0.8139
case_4568,0.7927,0.8131,0.8155,0.7645,0.804
case_4569,0.8912,0.9186,0.9584,0.9575,0.9628
case_4570,0.9355,0.9317,0.9501,0.9458,0.9197
case_4571,0.7775,0.7121,0.7654,0.7421,0.7326
case_4572,0.8144,0.8009,0.8065,0.7857,0.8013
case_4573,0.7551,0.8136,0.788,0.751,0.7594
case_4574,0.9132,0.8839,0.9428,0.9253,0.8983
case_4575,0.7577,0.783,0.7823,0.7441,0.7705
case_4576,0.7707,0.7574,0.7851,0.7654,0.7293
case_4577,0.8642,0.8951,0.9144,0.8917,0.9157
case_4578,0.7848,0.8001,0.8318,0.7376,0.8165
case_4579,0.824,0.8329,0.8274,0.8278,0.8413
case_4580,0.8268,0.8316,0.8448,0.8359,0.8395
case_4581,0.7432,0.7929,0.7745,0.7751,0.7513
case_4582,0.772,0.8441,0.8228,0.8019,0.7766
case_4583,0.7748,0.7785,0.8044,0.7617,0.7696
case_4584,0.7985,0.7934,0.8151,0.7901,0.7714
case_4585,0.9056,0.905,0.9646,0.8879,0.8621
case_4586,0.8073,0.7655,0.7995,0.7857,0.8294
case_4587,0.7885,0.8036,0.8489,0.7812,0.797
case_4588,0.8113,0.8247,0.8336,0.8765,0.8192
case_4589,0.9313,0.9218,0.8994,0.9006,0.9232
case_4590,0.7699,0.7792,0.7916,0.8181,0.7729
case_4591,0.7859,0.804,0.797,0.7726,0.7962
case_4592,0.683,0.6525,0.6593,0.6461,0.692
case_4593,0.7993,0.8027,0.8326,0.8064,0.804
case_4594,0.8585,0.8212,0.8324,0.8229,0.7925
case_4595,0.956,0.9382,0.9578,0.917,0.9545
case_4596,0.7242,0.7431,0.7467,0.7427,0.7121
case_4597,0.8795,0.8883,0.916,0.907,0.9048
case_4598,0.7522,0.7352,0.7816,0.7568,0.7557
case_4599,0.7934,0.805,0.8534,0.7941,0.802
case_4600,0.7825,0.7678,0.7987,0.7648,0.768
case_4601,0.7724,0.7738,0.8268,0.7555,0.7682
case_4602,0.7062,0.6953,0.743,0.7077,0.723
case_4603,0.754,0.7578,0.8243,0.7521,0.7738
case_4604,0.9642,0.9826,0.9541,0.9603,0.9728
case_4605,0.7621,0.749,0.7776,0.7533,0.8035
case_4606,0.799,0.7848,0.8198,0.8067,0.8518
case_4607,0.9218,0.9399,0.9555,0.9317,0.9396
case_4608,0.7835,0.7979,0.8243,0.7719,0.7608
case_4609,0.7563,0.7554,0.7583,0.7551,0.7489
case_4610,0.9206,0.8799,0.8694,0.8962,0.9172
case_4611,0.7196,0.7204,0.7754,0.7476,0.7168
case_4612,0.7773,0.7465,0.8238,0.7341,0.8005
case_4613,0.7826,0.7573,0.8214,0.8003,0.7579
case_4614,0.8611,0.8076,0.8521,0.8135,0.7869
case_4615,0.9206,0.9434,0.9691,0.9326,0.9438
case_4616,0.8133,0.7637,0.8044,0.7994,0.7887
case_4617,0.8705,0.8421,0.831,0.8345,0.8155
case_4618,0.7881,0.7689,0.8185,0.826,0.8052
case_4619,0.8157,0.7919,0.8295,0.7965,0.7954
case_4620,0.7573,0.7668,0.7868,0.789,0.7651
case_4621,0.836,0.7804,0.8327,0.8456,0.8152
case_4622,0.791,0.8116,0.8382,0.7915,0.8168
case_4623,0.8318,0.8791,0.8752,0.8657,0.9155
case_4624,0.7093,0.658,0.7067,0.6895,0.6848
case_4625,0.7593,0.732,0.7454,0.7053,0.7141
case_4626,0.8088,0.8085,0.8303,0.7922,0.7927
case_4627,0.8221,0.8184,0.8091,0.8101,0.819
case_4628,0.8256,0.8123,0.8553,0.8209,0.7905
case_4629,0.727,0.7654,0.814,0.7302,0.7678
case_4630,0.8319,0.8615,0.8732,0.8692,0.8484
case_4631,0.7766,0.7669,0.7847,0.7948,0.7812
case_4632,0.8058,0.8303,0.8265,0.812,0.8534
case_4633,0.8522,0.8651,0.8895,0.8993,0.8896
case_4634,0.9219,0.8918,0.9798,0.9023,0.8727
case_4635,0.8619,0.901,0.8704,0.8476,0.8627
case_4636,0.8558,0.8224,0.8544,0.8621,0.8355
case_4637,0.7658,0.7518,0.799,0.7621,0.7961
case_4638,0.6648,0.6888,0.6643,0.6912,0.694
case_4639,0.6977,0.7104,0.7317,0.6767,0.6568
case_4640,0.7492,0.7168,0.7369,0.7409,0.7012
case_4641,0.7991,0.7801,0.7941,0.8305,0.7897
case_4642,0.7054,0.7044,0.7505,0.7205,0.7224
case_4643,0.8577,0.8167,0.8352,0.8064,0.8237
case_4644,0.8719,0.8613,0.856,0.8177,0.8314
case_4645,0.7957,0.8187,0.8799,0.8155,0.8321
case_4646,0.8054,0.7728,0.816,0.7995,0.7799
case_4647,0.7983,0.8286,0.7923,0.8009,0.8153
case_4648,0.8,0.8002,0.8337,0.8002,0.7682
case_4649,0.9326,0.9349,0.9371,0.9322,0.9092
case_4650,0.819,0.8394,0.8547,0.8503,0.8661
case_4651,0.7555,0.8112,0.7857,0.766,0.8023
case_4652,0.7303,0.738,0.7515,0.7404,0.7562
case_4653,0.789,0.7821,0.7638,0.736,0.782
case_4654,0.851,0.8531,0.8864,0.8624,0.8662
case_4655,0.8639,0.8642,0.8819,0.844,0.8648
case_4656,0.7922,0.7498,0.7885,0.7923,0.7581
case_4657,0.8053,0.8125,0.8547,0.815,0.8157
case_4658,0.8321,0.842,0.8575,0.8287,0.847
case_4659,0.8549,0.8697,0.9049,0.8689,0.8744
case_4660,0.8072,0.8138,0.8434,0.7972,0.8122
case_4661,0.8557,0.8386,0.8735,0.8346,0.8398
case_4662,0.776,0.7881,0.7928,0.7467,0.7775
case_4663,0.8466,0.8304,0.8819,0.8237,0.855
case_4664,0.8368,0.8335,0.8824,0.8415,0.8034
case_4665,0.8371,0.8214,0.8604,0.8103,0.7988
case_4666,0.7193,0.7256,0.7623,0.7313,0.7535
case_4667,0.7364,0.7195,0.7279,0.7252,0.7325
case_4668,0.7429,0.7448,0.7585,0.7078,0.7479
case_4669,0.8408,0.8798,0.8698,0.8467,0.8476
case_4670,0.7404,0.7338,0.712,0.7282,0.7502
case_4671,0.7304,0.7629,0.7622,0.7432,0.7773
case_4672,0.8059,0.7969,0.8114,0.7734,0.8025
case_4673,0.8457,0.8174,0.858,0.8295,0.855
case_4674,0.6803,0.6744,0.7445,0.6658,0.738
case_4675,0.8264,0.8027,0.8587,0.7938,0.8534
case_4676,0.8263,0.8115,0.8445,0.8131,0.8291
case_4677,0.7655,0.7858,0.8207,0.773,0.7805
case_4678,0.7013,0.7253,0.7188,0.7171,0.7498
case_4679,0.8094,0.7619,0.8099,0.7884,0.7941
case_4680,0.7661,0.8011,0.7725,0.7849,0.7862
case_4681,0.6838,0.6892,0.6938,0.71,0.6925
case_4682,0.8041,0.7674,0.8128,0.7786,0.7934
case_4683,0.7939,0.8489,0.8246,0.8233,0.8079
case_4684,0.8296,0.856,0.8563,0.8459,0.823
case_4685,0.9115,0.8387,0.8657,0.8808,0.8677
case_4686,0.7829,0.8055,0.7943,0.8057,0.78
case_4687,0.8995,0.924,0.9224,0.9067,0.9045
case_4688,0.8468,0.8426,0.8731,0.8446,0.8659
case_4689,0.6991,0.7413,0.7489,0.7282,0.751
case_4690,0.7729,0.7892,0.8049,0.8165,0.782
case_4691,0.7663,0.7695,0.782,0.7581,0.7667
case_4692,0.7089,0.715,0.6938,0.6677,0.6774
case_4693,0.7592,0.7655,0.7909,0.7822,0.7467
case_4694,0.816,0.7979,0.7908,0.8041,0.8052
case_4695,0.8813,0.8563,0.8574,0.8876,0.8534
case_4696,0.737,0.7533,0.77,0.7092,0.77
case_4697,0.827,0.841,0.8948,0.867,0.8365
case_4698,0.7802,0.7559,0.8297,0.772,0.7857
case_4699,0.8407,0.8337,0.8099,0.8245,0.7907
case_4700,0.7651,0.7782,0.7995,0.7666,0.7749
case_4701,0.7244,0.7114,0.7659,0.7152,0.6981
case_4702,0.745,0.7962,0.8249,0.7602,0.7521
case_4703,0.8988,0.8981,0.9145,0.8892,0.9122
case_4704,0.7055,0.7122,0.7622,0.6905,0.7256
case_4705,0.7589,0.764,0.8137,0.7739,0.7605
case_4706,0.847,0.8604,0.8522,0.8413,0.8068
case_4707,0.7828,0.7712,0.8029,0.7928,0.7677
case_4708,0.7418,0.745,0.78,0.7478,0.7603
case_4709,0.816,0.8803,0.8825,0.8037,0.8167
case_4710,0.7624,0.7631,0.7798,0.7858,0.7639
case_4711,0.8429,0.8293,0.8281,0.8245,0.8123
case_4712,0.7102,0.7635,0.7879,0.7243,0.7695
case_4713,0.8115,0.7885,0.8423,0.7923,0.8098
case_4714,0.9078,0.9282,0.9078,0.8806,0.8971
case_4715,0.7549,0.7947,0.8395,0.7652,0.7519
case_4716,0.7866,0.7627,0.7834,0.7601,0.755
case_4717,0.765,0.777,0.784,0.7747,0.7665
case_4718,0.8621,0.8366,0.8593,0.8281,0.8548
case_4719,0.8214,0.8561,0.8438,0.8406,0.8331
case_4720,0.8144,0.8028,0.8002,0.7724,0.7987
case_4721,0.7571,0.7646,0.8147,0.7539,0.7433
case_4722,0.7944,0.8285,0.8236,0.8051,0.8161
case_4723,0.9361,0.9332,0.9361,0.9162,0.955
case_4724,0.8235,0.8323,0.8415,0.8323,0.8153
case_4725,0.7352,0.7776,0.8187,0.7881,0.8007
case_4726,0.7991,0.7734,0.8038,0.8066,0.8307
case_4727,0.7678,0.7761,0.8083,0.7883,0.8052
case_4728,0.7364,0.7241,0.7596,0.7186,0.7783
case_4729,0.784,0.7629,0.8215,0.792,0.8227
case_4730,0.7768,0.7951,0.8066,0.7785,0.8077
case_4731,0.8811,0.8493,0.8701,0.8342,0.8427
case_4732,0.7127,0.6994,0.7735,0.7168,0.7188
case_4733,0.744,0.7772,0.7978,0.7475,0.7253
case_4734,0.7892,0.7584,0.7849,0.7998,0.7853
case_4735,0.7623,0.7633,0.7917,0.7728,0.7858
case_4736,0.8553,0.8496,0.8653,0.8162,0.845
case_4737,0.8252,0.8684,0.8469,0.8291,0.8316
case_4738,0.8027,0.8746,0.842,0.8061,0.8568
case_4739,0.8416,0.8633,0.8679,0.8387,0.8037
case_4740,0.7447,0.7504,0.7803,0.7414,0.7408
case_4741,0.8511,0.8324,0.8203,0.822,0.7933
case_4742,0.8254,0.8369,0.8692,0.8651,0.8361
case_4743,0.741,0.7325,0.7657,0.722,0.7512
case_4744,0.8301,0.8437,0.8518,0.8544,0.8422
case_4745,0.7416,0.7251,0.772,0.7538,0.7301
case_4746,0.8077,0.8462,0.8374,0.8126,0.8535
case_4747,0.7256,0.7322,0.7786,0.7696,0.7794
case_4748,0.6805,0.7046,0.6923,0.6685,0.6978
case_4749,0.8224,0.8236,0.8385,0.813,0.7881
case_4750,0.7933,0.7874,0.763,0.8081,0.7741
case_4751,0.7025,0.702,0.7438,0.7332,0.7474
case_4752,0.7652,0.7658,0.7887,0.7617,0.7658
case_4753,0.859,0.8659,0.9067,0.8487,0.8882
case_4754,0.8912,0.9064,0.9112,0.863,0.9328
case_4755,0.8216,0.8026,0.871,0.8268,0.7965
case_4756,0.7736,0.7956,0.813,0.758,0.757
case_4757,0.7148,0.7537,0.7496,0.7321,0.7301
case_4758,0.9151,0.9347,0.9481,0.8929,0.9247
case_4759,0.7295,0.7365,0.7535,0.732,0.7188
case_4760,0.7006,0.7037,0.6919,0.6924,0.6885
case_4761,0.8414,0.835,0.8467,0.8368,0.8586
case_4762,0.8102,0.8108,0.807,0.8062,0.8144
case_4763,0.8205,0.8224,0.8455,0.8526,0.8352
case_4764,0.8051,0.7939,0.7908,0.7878,0.8392
case_4765,0.7117,0.6958,0.7598,0.6868,0.7097
case_4766,0.8129,0.8036,0.8044,0.8184,0.7971
case_4767,0.8488,0.817,0.8563,0.8557,0.855
case_4768,0.7722,0.7822,0.8486,0.7812,0.7622
case_4769,0.9596,0.9552,0.9754,0.9688,0.9522
case_4770,0.7956,0.7813,0.822,0.8219,0.7933
case_4771,0.851,0.8375,0.8497,0.851,0.837
case_4772,0.7825,0.8038,0.8167,0.7791,0.7716
case_4773,0.7419,0.7561,0.817,0.7573,0.7691
case_4774,0.7696,0.8062,0.8066,0.7964,0.7691
case_4775,0.672,0.6541,0.6515,0.6341,0.672
case_4776,0.7415,0.7611,0.8018,0.7504,0.7663
case_4777,0.7961,0.7796,0.7738,0.7654,0.7926
case_4778,0.7702,0.7907,0.8297,0.7962,0.79
case_4779,0.8577,0.8498,0.87,0.8362,0.8752
case_4780,0.8932,0.8898,0.9199,0.8529,0.8821
case_4781,0.8435,0.8266,0.8525,0.8344,0.831
case_4782,0.7992,0.7887,0.8184,0.8217,0.7959
case_4783,0.8088,0.8071,0.8239,0.8068,0.8395
case_4784,0.7309,0.7169,0.7411,0.7363,0.7189
case_4785,0.8597,0.8444,0.8829,0.8194,0.8412
case_4786,0.8362,0.8336,0.8488,0.8571,0.8343
case_4787,0.8023,0.8078,0.8292,0.8357,0.8095
case_4788,0.7558,0.7973,0.7862,0.7665,0.7996
case_4789,0.7239,0.783,0.7863,0.7679,0.7646
case_4790,0.7982,0.8296,0.7903,0.8298,0.8301
case_4791,0.8011,0.8344,0.8243,0.7955,0.8156
case_4792,0.7452,0.7843,0.7875,0.781,0.7888
case_4793,0.8147,0.8428,0.8533,0.8156,0.8125
case_4794,0.7619,0.7909,0.8396,0.7909,0.8051
case_4795,0.8094,0.8085,0.8248,0.7799,0.8021
case_4796,0.7219,0.7331,0.7433,0.6846,0.6989
case_4797,0.8702,0.8401,0.847,0.8005,0.8692
case_4798,0.7632,0.7432,0.8122,0.7631,0.8172
case_4799,0.8688,0.8767,0.8831,0.8979,0.877
case_4800,0.8511,0.8283,0.8614,0.8354,0.8614
case_4801,0.804,0.8037,0.863,0.8368,0.8483
case_4802,0.8495,0.8365,0.8672,0.841,0.8267
case_4803,0.8067,0.7695,0.8129,0.7886,0.8056
case_4804,0.7718,0.7931,0.8473,0.7937,0.8006
case_4805,0.7587,0.709,0.7363,0.722,0.7389
case_4806,0.7566,0.7254,0.7575,0.7059,0.7288
case_4807,0.7983,0.8205,0.7988,0.8121,0.803
case_4808,0.854,0.8857,0.8439,0.8391,0.8638
case_4809,0.873,0.9129,0.9211,0.8767,0.9064
case_4810,0.8304,0.8444,0.8241,0.7624,0.8153
case_4811,0.7528,0.776,0.7938,0.7359,0.7793
case_4812,0.9002,0.8767,0.9362,0.9314,0.9348
case_4813,0.8064,0.8201,0.83,0.8085,0.8243
case_4814,0.7665,0.8286,0.8284,0.7885,0.8002
case_4815,0.8647,0.8479,0.8838,0.8784,0.8677
case_4816,0.7894,0.8307,0.8216,0.8265,0.7997
case_4817,0.8195,0.8667,0.8393,0.8381,0.8291
case_4818,0.7226,0.7588,0.7721,0.7772,0.7426
case_4819,0.7237,0.7378,0.7867,0.7439,0.7483
case_4820,0.7008,0.6934,0.7403,0.685,0.7044
case_4821,0.9256,0.9218,0.9321,0.9138,0.9049
case_4822,0.805,0.8162,0.8425,0.8086,0.8097
case_4823,0.8029,0.8431,0.8343,0.8316,0.8398
case_4824,0.7836,0.7989,0.7942,0.7629,0.7878
case_4825,0.7636,0.7974,0.799,0.7805,0.7935
case_4826,0.792,0.7427,0.7931,0.7531,0.7561
case_4827,0.8546,0.8208,0.8555,0.8498,0.8541
case_4828,0.8772,0.8531,0.8779,0.8643,0.8617
case_4829,0.7217,0.7301,0.7673,0.6874,0.7404
case_4830,0.8764,0.852,0.864,0.8465,0.8791
case_4831,0.8675,0.895,0.8832,0.8662,0.8884
case_4832,0.7459,0.7178,0.7507,0.7235,0.7333
case_4833,0.7362,0.737,0.7566,0.7615,0.7786
case_4834,0.8329,0.8393,0.8724,0.8701,0.8307
case_4835,0.7805,0.797,0.8162,0.8008,0.8248
case_4836,0.8765,0.8874,0.9121,0.8382,0.8746
case_4837,0.7698,0.7655,0.7808,0.736,0.7582
case_4838,0.8183,0.7902,0.7869,0.8043,0.7755
case_4839,0.8131,0.8294,0.8532,0.7986,0.8499
case_4840,0.8786,0.8636,0.905,0.8802,0.8867
case_4841,0.7726,0.7797,0.8012,0.8061,0.7907
case_4842,0.8314,0.8311,0.8578,0.8122,0.8247
case_4843,0.876,0.892,0.8841,0.9058,0.9049
case_4844,0.7637,0.7642,0.8125,0.7618,0.7541
case_4845,0.8724,0.8525,0.8448,0.8373,0.8674
case_4846,0.8121,0.8289,0.856,0.8269,0.8111
case_4847,0.8063,0.8267,0.8244,0.8382,0.824
case_4848,0.7132,0.7109,0.7859,0.7168,0.7092
case_4849,0.8524,0.8636,0.9105,0.8891,0.8716
case_4850,0.7649,0.7648,0.8086,0.7573,0.7633
case_4851,0.7718,0.7345,0.8343,0.7831,0.7909
case_4852,0.8373,0.8256,0.8322,0.8183,0.8502
case_4853,0.8583,0.8424,0.875,0.8624,0.8329
case_4854,0.8611,0.8364,0.8757,0.879,0.852
case_4855,0.6828,0.7109,0.6854,0.6859,0.6775
case_4856,0.8587,0.8191,0.8343,0.8435,0.8187
case_4857,0.7665,0.7759,0.7955,0.7772,0.7608
case_4858,0.9002,0.9053,0.9183,0.8787,0.8997
case_4859,0.7648,0.7876,0.8058,0.7735,0.7894
case_4860,0.8675,0.8992,0.9278,0.8611,0.885
case_4861,0.8,0.8033,0.8237,0.8063,0.7857
case_4862,0.6263,0.6605,0.6376,0.6532,0.6473
case_4863,0.8043,0.8419,0.8787,0.8265,0.8574
case_4864,0.6832,0.6667,0.7102,0.7034,0.6834
case_4865,0.7536,0.7688,0.8429,0.7746,0.7931
case_4866,0.8209,0.8625,0.8479,0.8556,0.8312
case_4867,0.8397,0.8501,0.8441,0.8556,0.8571
case_4868,0.836,0.836,0.8695,0.8166,0.8378
case_4869,0.7976,0.8106,0.8298,0.7813,0.84
case_4870,0.7493,0.7582,0.7686,0.7329,0.7386
case_4871,0.8129,0.783,0.7888,0.7445,0.7839
case_4872,0.795,0.7634,0.8036,0.7773,0.7786
case_4873,0.7906,0.7801,0.8239,0.748,0.7678
case_4874,0.8935,0.9199,0.9326,0.902,0.9259
case_4875,0.9166,0.9247,0.9413,0.9285,0.9486
case_4876,0.8737,0.883,0.8967,0.8727,0.9239
case_4877,0.8126,0.8376,0.8191,0.8274,0.8168
case_4878,0.7824,0.7191,0.7473,0.7031,0.7773
case_4879,0.877,0.8818,0.8855,0.8706,0.8628
case_4880,0.8445,0.8184,0.8534,0.8148,0.8226
case_4881,0.9437,0.9448,0.9385,0.9478,0.9289
case_4882,0.8127,0.8528,0.8321,0.827,0.7929
case_4883,0.6718,0.6784,0.6489,0.6952,0.67
case_4884,0.7304,0.7596,0.7677,0.7367,0.7422
case_4885,0.731,0.7114,0.7363,0.7229,0.7356
case_4886,0.9096,0.9031,0.9207,0.8991,0.9253
case_4887,0.8514,0.8814,0.9104,0.8443,0.88
case_4888,0.7834,0.7819,0.7906,0.7758,0.7779
case_4889,0.7456,0.7867,0.8102,0.7334,0.7472
case_4890,0.6921,0.706,0.736,0.6781,0.7214
case_4891,0.7866,0.787,0.8163,0.7677,0.7862
case_4892,0.765,0.7847,0.781,0.8016,0.7737
case_4893,0.8093,0.8512,0.8473,0.8166,0.8503
case_4894,0.8868,0.901,0.9389,0.9207,0.915
case_4895,0.8475,0.8141,0.8606,0.8369,0.8335
case_4896,0.7449,0.77,0.826,0.7679,0.79
case_4897,0.77,0.7531,0.8406,0.753,0.7639
case_4898,0.7947,0.8365,0.8322,0.803,0.7893
case_4899,0.7902,0.8012,0.831,0.8032,0.8513
case_4900,0.7592,0.8205,0.827,0.7537,0.759
case_4901,0.7276,0.7663,0.7692,0.7589,0.746
case_4902,0.8839,0.8421,0.8892,0.843,0.8622
case_4903,0.7893,0.7689,0.7862,0.7553,0.7583
case_4904,0.7431,0.7319,0.7557,0.7411,0.7867
case_4905,0.8052,0.8403,0.8591,0.7823,0.8033
case_4906,0.7284,0.7572,0.7757,0.7705,0.7337
case_4907,0.8422,0.8006,0.8149,0.8234,0.8168
case_4908,0.7668,0.7778,0.7792,0.7558,0.7728
case_4909,0.757,0.7486,0.777,0.7729,0.7632
case_4910,0.833,0.8529,0.816,0.8289,0.8105
case_4911,0.8385,0.8547,0.8658,0.8419,0.8838
case_4912,0.8074,0.8161,0.7964,0.7963,0.8153
case_4913,0.7774,0.7769,0.8079,0.7503,0.8282
case_4914,0.7742,0.7656,0.7943,0.8206,0.76
case_4915,0.7723,0.7603,0.7985,0.7867,0.8052
case_4916,0.81,0.8226,0.8356,0.8122,0.8002
case_4917,0.7768,0.7292,0.7841,0.7145,0.7138
case_4918,0.7776,0.7757,0.799,0.7579,0.7854
case_4919,0.8481,0.8087,0.855,0.8391,0.8552
case_4920,0.8436,0.8319,0.8353,0.828,0.8105
case_4921,0.8779,0.919,0.8946,0.8862,0.8945
case_4922,0.8351,0.8153,0.8122,0.8145,0.8101
case_4923,0.782,0.758,0.8002,0.7392,0.742
case_4924,0.7756,0.8099,0.8287,0.7731,0.7799
case_4925,0.8549,0.8487,0.905,0.8305,0.855
case_4926,0.7645,0.7298,0.7555,0.7533,0.753
case_4927,0.7527,0.7749,0.8385,0.7932,0.7911
case_4928,0.7736,0.7141,0.7802,0.7163,0.7585
case_4929,0.8219,0.7739,0.8668,0.828,0.8312
case_4930,0.793,0.8226,0.8467,0.8036,0.7973
case_4931,0.8189,0.8414,0.8109,0.8506,0.8126
case_4932,0.8393,0.821,0.8323,0.8067,0.8096
case_4933,0.7556,0.7773,0.7962,0.7358,0.7824
case_4934,0.8803,0.831,0.8491,0.8507,0.8399
case_4935,0.7939,0.8186,0.8374,0.8149,0.8127
case_4936,0.911,0.9352,0.9591,0.9053,0.9095
case_4937,0.8078,0.8024,0.7716,0.7841,0.7868
case_4938,0.7526,0.7499,0.7719,0.7562,0.7444
case_4939,0.7581,0.7509,0.8153,0.7494,0.7717
case_4940,0.7557,0.7593,0.8009,0.7529,0.7873
case_4941,0.8668,0.8713,0.8778,0.857,0.8405
case_4942,0.7274,0.7099,0.729,0.7351,0.6825
case_4943,0.9072,0.9247,0.9668,0.9541,0.9178
case_4944,0.7487,0.7821,0.7522,0.7733,0.7842
case_4945,0.8089,0.8343,0.8317,0.8482,0.8438
case_4946,0.7902,0.8043,0.7652,0.8313,0.7447
case_4947,0.7656,0.7615,0.8158,0.7993,0.7624
case_4948,0.8591,0.8753,0.8978,0.8871,0.841
case_4949,0.7498,0.7346,0.7643,0.7594,0.7629
case_4950,0.8406,0.8308,0.8614,0.8272,0.8133
case_4951,0.6875,0.7294,0.7098,0.6907,0.7332
case_4952,0.686,0.7299,0.7154,0.694,0.7236
case_4953,0.8391,0.8404,0.863,0.835,0.8118
case_4954,0.7013,0.7215,0.7219,0.6813,0.7155
case_4955,0.8442,0.875,0.871,0.8551,0.8993
case_4956,0.7851,0.8101,0.8106,0.8091,0.8042
case_4957,0.7734,0.7857,0.8276,0.7766,0.8105
case_4958,0.8359,0.8599,0.8771,0.8517,0.8425
case_4959,0.8744,0.8669,0.9244,0.8819,0.8985
case_4960,0.8149,0.8405,0.8643,0.8333,0.8546
case_4961,0.7945,0.7904,0.8253,0.7998,0.786
case_4962,0.8389,0.8487,0.867,0.8029,0.8677
case_4963,0.8369,0.8615,0.8547,0.8467,0.8823
case_4964,0.768,0.7967,0.8425,0.7733,0.8021
case_4965,0.8249,0.8809,0.8738,0.8677,0.8661
case_4966,0.7831,0.7529,0.8014,0.773,0.7815
case_4967,0.7374,0.7891,0.7837,0.7524,0.7592
case_4968,0.7691,0.8019,0.8351,0.8048,0.7685
case_4969,0.7978,0.8071,0.8129,0.7852,0.7485
case_4970,0.7543,0.7574,0.7576,0.7335,0.7606
case_4971,0.8357,0.8041,0.8244,0.7765,0.7995
case_4972,0.8774,0.8734,0.9193,0.8638,0.8761
case_4973,0.7796,0.7955,0.8451,0.8316,0.8346
case_4974,0.798,0.8026,0.8204,0.8081,0.8116
case_4975,0.8447,0.8576,0.8772,0.8531,0.8581
case_4976,0.7497,0.7979,0.8121,0.8138,0.7758
case_4977,0.8287,0.7996,0.8493,0.814,0.8314
case_4978,0.7929,0.775,0.8227,0.8072,0.7936
case_4979,0.8714,0.8441,0.8653,0.8432,0.8076
case_4980,0.8157,0.8525,0.8376,0.8242,0.8178
case_4981,0.7705,0.7801,0.7953,0.7898,0.7691
case_4982,0.8104,0.8132,0.8415,0.8,0.8107
case_4983,0.784,0.8224,0.7798,0.8256,0.8112
case_4984,0.801,0.8002,0.8636,0.8484,0.8284
case_4985,0.8341,0.8218,0.831,0.8356,0.8661
case_4986,0.7543,0.7628,0.8302,0.7601,0.7828
case_4987,0.7504,0.748,0.8045,0.8008,0.7644
case_4988,0.8369,0.8024,0.8287,0.8097,0.848
case_4989,0.6949,0.679,0.727,0.6827,0.6928
case_4990,0.9091,0.9104,0.9127,0.9248,0.9023
case_4991,0.762,0.758,0.7994,0.7979,0.7527
case_4992,0.7333,0.7398,0.7604,0.7249,0.7303
case_4993,0.8144,0.8754,0.8358,0.8132,0.8324
case_4994,0.893,0.9361,0.9385,0.9244,0.939
case_4995,0.7988,0.8449,0.8213,0.7962,0.8102
case_4996,0.7377,0.7471,0.7723,0.7185,0.7663
case_4997,0.7915,0.7742,0.7948,0.7943,0.7613
case_4998,0.8752,0.9138,0.9168,0.9042,0.9139
case_4999,0.7503,0.7472,0.8159,0.8039,0.7817
case_5000,0.8555,0.8472,0.8808,0.8646,0.8456
